e-implcit-target,e-persona-you,baseline,e-persona-human,e-implcit-target-e-persona-human,e-implcit-target-e-persona-you,TextFoolerJin2019
,,,,,,
,,,,,,"{'distance': 0.24869109947643975, 'evidence_accuracy': 0.5732984293193717, 'evidence_precision': 0.30526315789473685, 'evidence_recall': 0.23015873015873015, 'evidence_f1': 0.26244343891402716, 'similarity_metrics': np.float32(0.7522483), 'contradiction': 0.09300385415554047}"
,,,,,,
,,,,,,
,,,,,,"{'distance': 0.11857707509881421, 'evidence_accuracy': 0.6284584980237155, 'evidence_precision': 0.4, 'evidence_recall': 0.13636363636363635, 'evidence_f1': 0.20338983050847456, 'similarity_metrics': np.float32(0.9034786), 'contradiction': 0.011330421082675457}"
,,,,,,
,,,,,,
,,"{'distance': 0.9777777777777777, 'evidence_accuracy': 0.330188679245283, 'evidence_precision': 0.32650273224043713, 'evidence_recall': 0.9835390946502057, 'evidence_f1': 0.49025641025641026, 'similarity_metrics': np.float32(0.8548649), 'contradiction': 0.6582980751991272}","{'distance': 0.9728506787330317, 'evidence_accuracy': 0.3328840970350404, 'evidence_precision': 0.3273972602739726, 'evidence_recall': 0.9835390946502057, 'evidence_f1': 0.4912641315519013, 'similarity_metrics': np.float32(0.84426653), 'contradiction': 0.5543001890182495}",,,
,,,,,,"{'distance': 0.057874762808349134, 'evidence_accuracy': 0.7628083491461101, 'evidence_precision': 0.21311475409836064, 'evidence_recall': 0.06046511627906977, 'evidence_f1': 0.09420289855072464, 'similarity_metrics': np.float32(0.8824872), 'contradiction': 0.35055723786354065}"
"{'distance': 0.6461538461538461, 'evidence_accuracy': 0.6229508196721312, 'evidence_precision': 0.5160256410256411, 'evidence_recall': 0.9415204678362573, 'evidence_f1': 0.6666666666666667, 'similarity_metrics': np.float32(0.6453006), 'contradiction': 0.9792574048042297}",,,,,"{'distance': 0.9296875, 'evidence_accuracy': 0.40046838407494145, 'evidence_precision': 0.3960880195599022, 'evidence_recall': 0.9473684210526315, 'evidence_f1': 0.5586206896551724, 'similarity_metrics': np.float32(0.59059733), 'contradiction': 0.9984404444694519}",
,,,,,,
,,,"{'distance': 0.9732057416267943, 'evidence_accuracy': 0.06576200417536535, 'evidence_precision': 0.0642781875658588, 'evidence_recall': 0.8970588235294118, 'evidence_f1': 0.11996066863323501, 'similarity_metrics': np.float32(0.580705), 'contradiction': 0.20969818532466888}","{'distance': 0.9708826205641492, 'evidence_accuracy': 0.07411273486430063, 'evidence_precision': 0.06574761399787911, 'evidence_recall': 0.9117647058823529, 'evidence_f1': 0.12265084075173097, 'similarity_metrics': np.float32(0.51721764), 'contradiction': 0.9042121171951294}",,
,,,,,,"{'distance': 0.05840568271507496, 'evidence_accuracy': 0.9226519337016574, 'evidence_precision': 0.04, 'evidence_recall': 0.10344827586206896, 'evidence_f1': 0.057692307692307696, 'similarity_metrics': np.float32(0.8935667), 'contradiction': 0.09558983147144318}"
,,,,,,
,,"{'distance': 0.8909090909090909, 'evidence_accuracy': 0.2653846153846154, 'evidence_precision': 0.22107438016528927, 'evidence_recall': 0.9553571428571429, 'evidence_f1': 0.35906040268456374, 'similarity_metrics': np.float32(0.6200868), 'contradiction': 0.9114640951156616}",,"{'distance': 0.9450867052023122, 'evidence_accuracy': 0.2326923076923077, 'evidence_precision': 0.21357285429141717, 'evidence_recall': 0.9553571428571429, 'evidence_f1': 0.34910277324632955, 'similarity_metrics': np.float32(0.42028442), 'contradiction': 0.401001513004303}",,
,,,,,,
,,,,,,
,,,,,,"{'distance': 0.10733695652173914, 'evidence_accuracy': 0.688858695652174, 'evidence_precision': 0.6075949367088608, 'evidence_recall': 0.1951219512195122, 'evidence_f1': 0.29538461538461536, 'similarity_metrics': np.float32(0.93091524), 'contradiction': 0.27125486731529236}"
,,,,,,
,,,,,,"{'distance': 0.2569169960474308, 'evidence_accuracy': 0.6245059288537549, 'evidence_precision': 0.4846153846153846, 'evidence_recall': 0.3387096774193548, 'evidence_f1': 0.39873417721518983, 'similarity_metrics': np.float32(0.7865561), 'contradiction': 0.07813974469900131}"
,,"{'distance': 0.603125, 'evidence_accuracy': 0.4429347826086957, 'evidence_precision': 0.2396694214876033, 'evidence_recall': 0.7341772151898734, 'evidence_f1': 0.36137071651090347, 'similarity_metrics': np.float32(0.9786168), 'contradiction': 0.049628883600234985}",,,"{'distance': 0.19136690647482013, 'evidence_accuracy': 0.8369565217391305, 'evidence_precision': 0.6067415730337079, 'evidence_recall': 0.6835443037974683, 'evidence_f1': 0.6428571428571429, 'similarity_metrics': np.float32(0.9865786), 'contradiction': 0.9149980545043945}",
,,,,,,"{'distance': 0.08285714285714285, 'evidence_accuracy': 0.5361904761904762, 'evidence_precision': 0.367816091954023, 'evidence_recall': 0.06896551724137931, 'evidence_f1': 0.11615245009074408, 'similarity_metrics': np.float32(0.9363369), 'contradiction': 0.0199480801820755}"
"{'distance': 0.8264150943396227, 'evidence_accuracy': 0.32360742705570295, 'evidence_precision': 0.2680722891566265, 'evidence_recall': 0.8811881188118812, 'evidence_f1': 0.4110854503464203, 'similarity_metrics': np.float32(0.746482), 'contradiction': 0.7842889428138733}",,,,,,"{'distance': 0.03978779840848812, 'evidence_accuracy': 0.7453580901856764, 'evidence_precision': 0.6666666666666666, 'evidence_recall': 0.09900990099009901, 'evidence_f1': 0.17241379310344826, 'similarity_metrics': np.float32(0.8702253), 'contradiction': 0.18460136651992798}"
,,,,,,
,,,,,,
,,,,,,
,,,,,,
,,,,,,
,,,,,,"{'distance': 0.09319526627218933, 'evidence_accuracy': 0.6257396449704142, 'evidence_precision': 0.5476190476190477, 'evidence_recall': 0.13320463320463322, 'evidence_f1': 0.21428571428571427, 'similarity_metrics': np.float32(0.9257991), 'contradiction': 0.20233988761901855}"
,,,,,"{'distance': 0.19248826291079812, 'evidence_accuracy': 0.7647058823529411, 'evidence_precision': 0.45121951219512196, 'evidence_recall': 0.5138888888888888, 'evidence_f1': 0.4805194805194805, 'similarity_metrics': np.float32(0.97703534), 'contradiction': 0.38341274857521057}","{'distance': 0.06470588235294117, 'evidence_accuracy': 0.7647058823529411, 'evidence_precision': 0.3181818181818182, 'evidence_recall': 0.09722222222222222, 'evidence_f1': 0.14893617021276598, 'similarity_metrics': np.float32(0.94442666), 'contradiction': 0.29171228408813477}"
,,,,,,
,,,,,,"{'distance': 0.1574468085106383, 'evidence_accuracy': 0.5914893617021276, 'evidence_precision': 0.44594594594594594, 'evidence_recall': 0.1793478260869565, 'evidence_f1': 0.2558139534883721, 'similarity_metrics': np.float32(0.8196018), 'contradiction': 0.14319251477718353}"
"{'distance': 0.48712446351931327, 'evidence_accuracy': 0.6131528046421664, 'evidence_precision': 0.3333333333333333, 'evidence_recall': 0.8691588785046729, 'evidence_f1': 0.48186528497409326, 'similarity_metrics': np.float32(0.8094254), 'contradiction': 0.9485291838645935}",,"{'distance': 0.9497907949790795, 'evidence_accuracy': 0.23017408123791103, 'evidence_precision': 0.20841683366733466, 'evidence_recall': 0.9719626168224299, 'evidence_f1': 0.3432343234323432, 'similarity_metrics': np.float32(0.67537946), 'contradiction': 0.003151166485622525}",,,,
,,,,"{'distance': 0.9580342352291552, 'evidence_accuracy': 0.2652439024390244, 'evidence_precision': 0.26122194513715713, 'evidence_recall': 0.9544419134396356, 'evidence_f1': 0.41018110621634857, 'similarity_metrics': np.float32(0.8705365), 'contradiction': 0.9887427091598511}",,"{'distance': 0.05426829268292688, 'evidence_accuracy': 0.7158536585365853, 'evidence_precision': 0.34831460674157305, 'evidence_recall': 0.07061503416856492, 'evidence_f1': 0.11742424242424243, 'similarity_metrics': np.float32(0.95502555), 'contradiction': 0.026288969442248344}"
,,,,,,
,,,,,,"{'distance': 0.14876033057851235, 'evidence_accuracy': 0.6766528925619835, 'evidence_precision': 0.3055555555555556, 'evidence_recall': 0.17120622568093385, 'evidence_f1': 0.2194513715710723, 'similarity_metrics': np.float32(0.8870369), 'contradiction': 0.21821194887161255}"
,,,,,,
,,,,,,
,,,,,,
,,,,,,
,,"{'distance': 0.7689969604863222, 'evidence_accuracy': 0.7551020408163265, 'evidence_precision': 0.9119496855345912, 'evidence_recall': 0.8100558659217877, 'evidence_f1': 0.8579881656804734, 'similarity_metrics': np.float32(0.8121537), 'contradiction': 0.9992597699165344}","{'distance': 0.848375451263538, 'evidence_accuracy': 0.8367346938775511, 'evidence_precision': 0.92, 'evidence_recall': 0.8994413407821229, 'evidence_f1': 0.9096045197740114, 'similarity_metrics': np.float32(0.71606886), 'contradiction': 0.9886316657066345}",,,
,,,,,,
,,,,"{'distance': 0.9104477611940298, 'evidence_accuracy': 0.7016229712858927, 'evidence_precision': 0.6982872200263505, 'evidence_recall': 0.9814814814814815, 'evidence_f1': 0.8160123171670517, 'similarity_metrics': np.float32(0.57977724), 'contradiction': 0.1765909194946289}",,
,,"{'distance': 0.9396551724137931, 'evidence_accuracy': 0.6309090909090909, 'evidence_precision': 0.6502835538752363, 'evidence_recall': 0.9502762430939227, 'evidence_f1': 0.7721661054994389, 'similarity_metrics': np.float32(0.72226554), 'contradiction': 0.9971193075180054}",,,"{'distance': 0.9855855855855856, 'evidence_accuracy': 0.6509090909090909, 'evidence_precision': 0.6556776556776557, 'evidence_recall': 0.988950276243094, 'evidence_f1': 0.788546255506608, 'similarity_metrics': np.float32(0.3561672), 'contradiction': 0.9915818572044373}",
,,,,,,
,,,,,,
,,,,,,
,,"{'distance': 0.8877338877338877, 'evidence_accuracy': 0.564327485380117, 'evidence_precision': 0.560126582278481, 'evidence_recall': 0.946524064171123, 'evidence_f1': 0.7037773359840954, 'similarity_metrics': np.float32(0.73292613), 'contradiction': 0.7605763673782349}",,,,"{'distance': 0.1578947368421053, 'evidence_accuracy': 0.5, 'evidence_precision': 0.6481481481481481, 'evidence_recall': 0.18716577540106952, 'evidence_f1': 0.29045643153526973, 'similarity_metrics': np.float32(0.6531454), 'contradiction': 0.05427543818950653}"
,,"{'distance': 0.9467312348668281, 'evidence_accuracy': 0.8526466380543634, 'evidence_precision': 0.868995633187773, 'evidence_recall': 0.978688524590164, 'evidence_f1': 0.920585967617579, 'similarity_metrics': np.float32(0.7298938), 'contradiction': 0.9855819344520569}",,,,
,,,,,,"{'distance': 0.06588735387885225, 'evidence_accuracy': 0.4665249734325186, 'evidence_precision': 0.6935483870967742, 'evidence_recall': 0.0817490494296578, 'evidence_f1': 0.14625850340136057, 'similarity_metrics': np.float32(0.90746653), 'contradiction': 0.023729758337140083}"
,,,,,,
,,,,,,
,,,,,,"{'distance': 0.04275534441805229, 'evidence_accuracy': 0.6068883610451307, 'evidence_precision': 0.5833333333333334, 'evidence_recall': 0.06231454005934718, 'evidence_f1': 0.11260053619302947, 'similarity_metrics': np.float32(0.9873834), 'contradiction': 0.15225544571876526}"
,"{'distance': 0.95, 'evidence_accuracy': 0.6731707317073171, 'evidence_precision': 0.6767169179229481, 'evidence_recall': 0.9805825242718447, 'evidence_f1': 0.8007928642220019, 'similarity_metrics': np.float32(0.7717113), 'contradiction': 0.9767036437988281}",,"{'distance': 0.9566395663956639, 'evidence_accuracy': 0.6764227642276422, 'evidence_precision': 0.67779632721202, 'evidence_recall': 0.9854368932038835, 'evidence_f1': 0.8031651829871415, 'similarity_metrics': np.float32(0.7721153), 'contradiction': 0.9744145274162292}",,"{'distance': 0.9528178243774574, 'evidence_accuracy': 0.6747967479674797, 'evidence_precision': 0.6760797342192691, 'evidence_recall': 0.9878640776699029, 'evidence_f1': 0.8027613412228797, 'similarity_metrics': np.float32(0.78452015), 'contradiction': 0.9669608473777771}",
,,,,,,
,,,,,,
,,,,,,
,,,,,,
,,,,,,
,,,,,,
,,,,,,
,,,,,,"{'distance': 0.2671957671957672, 'evidence_accuracy': 0.6587301587301587, 'evidence_precision': 0.22772277227722773, 'evidence_recall': 0.3108108108108108, 'evidence_f1': 0.26285714285714284, 'similarity_metrics': np.float32(0.78386486), 'contradiction': 0.06865252554416656}"
,,,,,,
,,,,,,
,,,,,,
,,,,,,
"{'distance': 0.9109390125847048, 'evidence_accuracy': 0.3701067615658363, 'evidence_precision': 0.35213032581453635, 'evidence_recall': 0.9525423728813559, 'evidence_f1': 0.5141811527904849, 'similarity_metrics': np.float32(0.8506704), 'contradiction': 0.011845486238598824}",,,,,,
,,,,,,
,,,,,,
,,"{'distance': 0.89501312335958, 'evidence_accuracy': 0.4753521126760563, 'evidence_precision': 0.4772727272727273, 'evidence_recall': 0.9197080291970803, 'evidence_f1': 0.628428927680798, 'similarity_metrics': np.float32(0.7884675), 'contradiction': 0.3262436091899872}",,,,
,,,,,,
,,,,,,
,,,,,,
,,,,,,
,"{'distance': 0.8960138648180243, 'evidence_accuracy': 0.3996023856858847, 'evidence_precision': 0.39789473684210525, 'evidence_recall': 0.9219512195121952, 'evidence_f1': 0.5558823529411765, 'similarity_metrics': np.float32(0.8127905), 'contradiction': 0.5618002414703369}",,,,,
,,,,,"{'distance': 0.39449541284403666, 'evidence_accuracy': 0.5758323057953144, 'evidence_precision': 0.2943221320973349, 'evidence_recall': 0.7627627627627628, 'evidence_f1': 0.42474916387959866, 'similarity_metrics': np.float32(0.9904801), 'contradiction': 0.9391340017318726}","{'distance': 0.1300863131935882, 'evidence_accuracy': 0.7373612823674476, 'evidence_precision': 0.2796208530805687, 'evidence_recall': 0.17717717717717718, 'evidence_f1': 0.21691176470588236, 'similarity_metrics': np.float32(0.65848875), 'contradiction': 0.796390950679779}"
,,,,,,"{'distance': 0.10034602076124566, 'evidence_accuracy': 0.6764705882352942, 'evidence_precision': 0.29310344827586204, 'evidence_recall': 0.10429447852760736, 'evidence_f1': 0.15384615384615383, 'similarity_metrics': np.float32(0.93196976), 'contradiction': 0.012759463861584663}"
,,,,,,
,,"{'distance': 0.9280261723009815, 'evidence_accuracy': 0.33678756476683935, 'evidence_precision': 0.3386034255599473, 'evidence_recall': 0.9625468164794008, 'evidence_f1': 0.5009746588693957, 'similarity_metrics': np.float32(0.85007113), 'contradiction': 0.9566769003868103}",,,,
,,,,,"{'distance': 0.6188565697091274, 'evidence_accuracy': 0.6551724137931034, 'evidence_precision': 0.6824457593688363, 'evidence_recall': 0.8141176470588235, 'evidence_f1': 0.7424892703862661, 'similarity_metrics': np.float32(0.92874986), 'contradiction': 0.980577826499939}",
,,,,,,
,,,,,,"{'distance': 0.042813455657492394, 'evidence_accuracy': 0.5840978593272171, 'evidence_precision': 0.5238095238095238, 'evidence_recall': 0.05365853658536585, 'evidence_f1': 0.09734513274336282, 'similarity_metrics': np.float32(0.91272986), 'contradiction': 0.07497486472129822}"
,,,,,,
,,,,,,
,,,,,"{'distance': 0.2733686067019401, 'evidence_accuracy': 0.5343642611683849, 'evidence_precision': 0.6235294117647059, 'evidence_recall': 0.33865814696485624, 'evidence_f1': 0.43892339544513465, 'similarity_metrics': np.float32(0.81750417), 'contradiction': 0.7553388476371765}","{'distance': 0.06529209621993126, 'evidence_accuracy': 0.46219931271477666, 'evidence_precision': 0.5, 'evidence_recall': 0.06070287539936102, 'evidence_f1': 0.10826210826210826, 'similarity_metrics': np.float32(0.96159315), 'contradiction': 0.23409239947795868}"
,,,,,,
,,,,,,
,,,,,,
,,,,,,
,,,,,,
"{'distance': 0.8166311300639659, 'evidence_accuracy': 0.37462235649546827, 'evidence_precision': 0.3460207612456747, 'evidence_recall': 0.847457627118644, 'evidence_f1': 0.49140049140049136, 'similarity_metrics': np.float32(0.763589), 'contradiction': 0.9594445824623108}",,,,,"{'distance': 0.9295774647887324, 'evidence_accuracy': 0.17522658610271905, 'evidence_precision': 0.2994791666666667, 'evidence_recall': 0.9663865546218487, 'evidence_f1': 0.4572564612326044, 'similarity_metrics': np.float32(0.81855863), 'contradiction': 0.9895581603050232}",
,,,,,,
,,"{'distance': 0.9718076285240465, 'evidence_accuracy': 0.356353591160221, 'evidence_precision': 0.3479887745556595, 'evidence_recall': 0.9946524064171123, 'evidence_f1': 0.5155925155925156, 'similarity_metrics': np.float32(0.78877604), 'contradiction': 0.08605633676052094}",,,,
,,,,,,"{'distance': 0.09090909090909094, 'evidence_accuracy': 0.5357142857142857, 'evidence_precision': 0.6785714285714286, 'evidence_recall': 0.12418300653594772, 'evidence_f1': 0.2099447513812155, 'similarity_metrics': np.float32(0.9804709), 'contradiction': 0.1088513433933258}"
,,,,,,
,,,,,,
,,,,,,
,"{'distance': 0.8514851485148515, 'evidence_accuracy': 0.3326226012793177, 'evidence_precision': 0.2971698113207547, 'evidence_recall': 0.8936170212765957, 'evidence_f1': 0.4460176991150443, 'similarity_metrics': np.float32(0.7104238), 'contradiction': 0.5590305328369141}",,,,,
,,,,,,
,,,,,,"{'distance': 0.0919003115264797, 'evidence_accuracy': 0.6417445482866043, 'evidence_precision': 0.2542372881355932, 'evidence_recall': 0.07462686567164178, 'evidence_f1': 0.11538461538461538, 'similarity_metrics': np.float32(0.81611747), 'contradiction': 0.04937015473842621}"
,,,,,,
,,,,,,"{'distance': 0.04870129870129869, 'evidence_accuracy': 0.6818181818181818, 'evidence_precision': 0.4666666666666667, 'evidence_recall': 0.07216494845360824, 'evidence_f1': 0.125, 'similarity_metrics': np.float32(0.9564328), 'contradiction': 0.016580259427428246}"
,,,,,,
,"{'distance': 0.4955089820359282, 'evidence_accuracy': 0.44878048780487806, 'evidence_precision': 0.2768595041322314, 'evidence_recall': 0.5677966101694916, 'evidence_f1': 0.37222222222222223, 'similarity_metrics': np.float32(0.96405387), 'contradiction': 0.08665309846401215}",,"{'distance': 0.8680688336520077, 'evidence_accuracy': 0.3402439024390244, 'evidence_precision': 0.2969374167776298, 'evidence_recall': 0.9449152542372882, 'evidence_f1': 0.4518743667679837, 'similarity_metrics': np.float32(0.91465425), 'contradiction': 0.009660312905907631}",,,"{'distance': 0.04634146341463419, 'evidence_accuracy': 0.7, 'evidence_precision': 0.3684210526315789, 'evidence_recall': 0.059322033898305086, 'evidence_f1': 0.10218978102189781, 'similarity_metrics': np.float32(0.8427935), 'contradiction': 0.0979587584733963}"
,,,,,,"{'distance': 0.19521912350597614, 'evidence_accuracy': 0.7768924302788844, 'evidence_precision': 0.10204081632653061, 'evidence_recall': 0.29411764705882354, 'evidence_f1': 0.15151515151515152, 'similarity_metrics': np.float32(0.7964576), 'contradiction': 0.06024499982595444}"
"{'distance': 0.16490486257928116, 'evidence_accuracy': 0.6535750251762337, 'evidence_precision': 0.2714285714285714, 'evidence_recall': 0.22983870967741934, 'evidence_f1': 0.24890829694323144, 'similarity_metrics': np.float32(0.89171803), 'contradiction': 0.9279758930206299}",,,,,,
,,,,,,"{'distance': 0.040100250626566414, 'evidence_accuracy': 0.5238095238095238, 'evidence_precision': 0.5625, 'evidence_recall': 0.046875, 'evidence_f1': 0.08653846153846154, 'similarity_metrics': np.float32(0.9778253), 'contradiction': 0.15910491347312927}"
,,,,,,
,,"{'distance': 0.9011786038077969, 'evidence_accuracy': 0.26586888657648283, 'evidence_precision': 0.23373759647188533, 'evidence_recall': 0.952808988764045, 'evidence_f1': 0.37538733953076586, 'similarity_metrics': np.float32(0.8817319), 'contradiction': 0.014503570273518562}",,,,"{'distance': 0.012486992715920908, 'evidence_accuracy': 0.7695109261186265, 'evidence_precision': 0.5416666666666666, 'evidence_recall': 0.029213483146067417, 'evidence_f1': 0.05543710021321962, 'similarity_metrics': np.float32(0.9550609), 'contradiction': 0.0076405927538871765}"
,,,"{'distance': 0.9701897018970189, 'evidence_accuracy': 0.16666666666666666, 'evidence_precision': 0.152276295133438, 'evidence_recall': 1.0, 'evidence_f1': 0.26430517711171664, 'similarity_metrics': np.float32(0.5388684), 'contradiction': 0.44302791357040405}",,"{'distance': 0.924433249370277, 'evidence_accuracy': 0.18981481481481483, 'evidence_precision': 0.15372168284789645, 'evidence_recall': 0.979381443298969, 'evidence_f1': 0.2657342657342657, 'similarity_metrics': np.float32(0.43101498), 'contradiction': 0.8101183176040649}","{'distance': 0.04629629629629628, 'evidence_accuracy': 0.8348765432098766, 'evidence_precision': 0.3333333333333333, 'evidence_recall': 0.10309278350515463, 'evidence_f1': 0.1574803149606299, 'similarity_metrics': np.float32(0.9090386), 'contradiction': 0.12202595919370651}"
,,,,,,"{'distance': 0.03796445880452337, 'evidence_accuracy': 0.7520193861066236, 'evidence_precision': 0.3191489361702128, 'evidence_recall': 0.05172413793103448, 'evidence_f1': 0.08902077151335311, 'similarity_metrics': np.float32(0.9704809), 'contradiction': 0.012137905694544315}"
,"{'distance': 0.9695431472081218, 'evidence_accuracy': 0.1563380281690141, 'evidence_precision': 0.14469914040114612, 'evidence_recall': 0.9805825242718447, 'evidence_f1': 0.2521847690387016, 'similarity_metrics': np.float32(0.5828365), 'contradiction': 0.05971159785985947}",,"{'distance': 0.9695431472081218, 'evidence_accuracy': 0.1563380281690141, 'evidence_precision': 0.14469914040114612, 'evidence_recall': 0.9805825242718447, 'evidence_f1': 0.2521847690387016, 'similarity_metrics': np.float32(0.5899781), 'contradiction': 0.06586296856403351}",,,"{'distance': 0.08591549295774648, 'evidence_accuracy': 0.7774647887323943, 'evidence_precision': 0.06349206349206349, 'evidence_recall': 0.038834951456310676, 'evidence_f1': 0.048192771084337345, 'similarity_metrics': np.float32(0.9588509), 'contradiction': 0.06811633706092834}"
,,,,,,
,,,,,,
"{'distance': 0.14968553459119494, 'evidence_accuracy': 0.7474489795918368, 'evidence_precision': 0.23636363636363636, 'evidence_recall': 0.18571428571428572, 'evidence_f1': 0.20800000000000002, 'similarity_metrics': np.float32(0.98790133), 'contradiction': 0.9632662534713745}",,,,"{'distance': 0.6057692307692308, 'evidence_accuracy': 0.4107142857142857, 'evidence_precision': 0.20074349442379183, 'evidence_recall': 0.7714285714285715, 'evidence_f1': 0.3185840707964602, 'similarity_metrics': np.float32(0.96195155), 'contradiction': 0.819187581539154}","{'distance': 0.6, 'evidence_accuracy': 0.40561224489795916, 'evidence_precision': 0.1947565543071161, 'evidence_recall': 0.7428571428571429, 'evidence_f1': 0.3086053412462908, 'similarity_metrics': np.float32(0.9689837), 'contradiction': 0.8521981239318848}","{'distance': 0.14030612244897955, 'evidence_accuracy': 0.7321428571428571, 'evidence_precision': 0.18181818181818182, 'evidence_recall': 0.14285714285714285, 'evidence_f1': 0.16, 'similarity_metrics': np.float32(0.8001105), 'contradiction': 0.5885244011878967}"
,,,,,,"{'distance': 0.014285714285714235, 'evidence_accuracy': 0.8660714285714286, 'evidence_precision': 0.0, 'evidence_recall': 0.0, 'evidence_f1': 0, 'similarity_metrics': np.float32(0.9843784), 'contradiction': 0.041256193071603775}"
,,,,,,"{'distance': 0.04438280166435504, 'evidence_accuracy': 0.7489597780859917, 'evidence_precision': 0.5, 'evidence_recall': 0.08839779005524862, 'evidence_f1': 0.15023474178403756, 'similarity_metrics': np.float32(0.9370079), 'contradiction': 0.019669940695166588}"
,,,,,,
,,,,,,
,"{'distance': 0.4444444444444444, 'evidence_accuracy': 0.4691729323308271, 'evidence_precision': 0.08115942028985507, 'evidence_recall': 0.4375, 'evidence_f1': 0.13691931540342295, 'similarity_metrics': np.float32(0.9848796), 'contradiction': 0.13306882977485657}",,"{'distance': 0.4535901926444834, 'evidence_accuracy': 0.4781954887218045, 'evidence_precision': 0.09915014164305949, 'evidence_recall': 0.546875, 'evidence_f1': 0.16786570743405277, 'similarity_metrics': np.float32(0.98392713), 'contradiction': 0.13095088303089142}",,,"{'distance': 0.0390977443609023, 'evidence_accuracy': 0.8887218045112782, 'evidence_precision': 0.3076923076923077, 'evidence_recall': 0.125, 'evidence_f1': 0.17777777777777778, 'similarity_metrics': np.float32(0.9092159), 'contradiction': 0.11128616333007812}"
,,,,,,"{'distance': 0.12972085385878485, 'evidence_accuracy': 0.8013136288998358, 'evidence_precision': 0.05063291139240506, 'evidence_recall': 0.08, 'evidence_f1': 0.06201550387596899, 'similarity_metrics': np.float32(0.92043424), 'contradiction': 0.05301106721162796}"
,,,,,,"{'distance': 0.03260869565217395, 'evidence_accuracy': 0.7844202898550725, 'evidence_precision': 0.1111111111111111, 'evidence_recall': 0.01904761904761905, 'evidence_f1': 0.032520325203252036, 'similarity_metrics': np.float32(0.93612444), 'contradiction': 0.1934313327074051}"
,,,,,,"{'distance': 0.0376314333148865, 'evidence_accuracy': 0.7293857221914776, 'evidence_precision': 0.11764705882352941, 'evidence_recall': 0.018306636155606407, 'evidence_f1': 0.031683168316831684, 'similarity_metrics': np.float32(0.90158767), 'contradiction': 0.020914748311042786}"
,,,,,,
,,,,,,
,,,,,,"{'distance': 0.04195804195804198, 'evidence_accuracy': 0.8694638694638694, 'evidence_precision': 0.1388888888888889, 'evidence_recall': 0.05813953488372093, 'evidence_f1': 0.0819672131147541, 'similarity_metrics': np.float32(0.97845405), 'contradiction': 0.012439637444913387}"
,,"{'distance': 0.5461801596351197, 'evidence_accuracy': 0.3767857142857143, 'evidence_precision': 0.2430939226519337, 'evidence_recall': 0.5398773006134969, 'evidence_f1': 0.3352380952380952, 'similarity_metrics': np.float32(0.9519875), 'contradiction': 0.009611135348677635}",,,,"{'distance': 0.05892857142857144, 'evidence_accuracy': 0.675, 'evidence_precision': 0.21212121212121213, 'evidence_recall': 0.04294478527607362, 'evidence_f1': 0.07142857142857142, 'similarity_metrics': np.float32(0.923236), 'contradiction': 0.2614841163158417}"
,,,,,,"{'distance': 0.06717226435536294, 'evidence_accuracy': 0.8104008667388949, 'evidence_precision': 0.1935483870967742, 'evidence_recall': 0.08759124087591241, 'evidence_f1': 0.12060301507537688, 'similarity_metrics': np.float32(0.94999504), 'contradiction': 0.05661142244935036}"
,,,,,,"{'distance': 0.021292217327459673, 'evidence_accuracy': 0.7305433186490455, 'evidence_precision': 0.2, 'evidence_recall': 0.017191977077363897, 'evidence_f1': 0.0316622691292876, 'similarity_metrics': np.float32(0.99481606), 'contradiction': 0.002897685393691063}"
,,,,,,"{'distance': 0.039019963702359384, 'evidence_accuracy': 0.7404718693284936, 'evidence_precision': 0.4418604651162791, 'evidence_recall': 0.06761565836298933, 'evidence_f1': 0.11728395061728396, 'similarity_metrics': np.float32(0.9746916), 'contradiction': 0.06155751273036003}"
"{'distance': 0.44392279603547213, 'evidence_accuracy': 0.49684400360685305, 'evidence_precision': 0.20552677029360966, 'evidence_recall': 0.5483870967741935, 'evidence_f1': 0.2989949748743719, 'similarity_metrics': np.float32(0.9488553), 'contradiction': 0.03310754522681236}","{'distance': 0.4012474012474012, 'evidence_accuracy': 0.5401262398557258, 'evidence_precision': 0.22820037105751392, 'evidence_recall': 0.5668202764976958, 'evidence_f1': 0.32539682539682546, 'similarity_metrics': np.float32(0.97689295), 'contradiction': 0.014444748871028423}",,"{'distance': 0.40436590436590436, 'evidence_accuracy': 0.5229936880072137, 'evidence_precision': 0.21217712177121772, 'evidence_recall': 0.5299539170506913, 'evidence_f1': 0.30303030303030304, 'similarity_metrics': np.float32(0.97612184), 'contradiction': 0.02970651350915432}","{'distance': 0.24598393574297184, 'evidence_accuracy': 0.7069431920649234, 'evidence_precision': 0.35, 'evidence_recall': 0.5806451612903226, 'evidence_f1': 0.43674176776429807, 'similarity_metrics': np.float32(0.8751918), 'contradiction': 0.4969218373298645}","{'distance': 0.21997981836528757, 'evidence_accuracy': 0.7096483318304779, 'evidence_precision': 0.34513274336283184, 'evidence_recall': 0.5391705069124424, 'evidence_f1': 0.420863309352518, 'similarity_metrics': np.float32(0.8702887), 'contradiction': 0.28997692465782166}","{'distance': 0.08656447249774568, 'evidence_accuracy': 0.7538322813345356, 'evidence_precision': 0.20833333333333334, 'evidence_recall': 0.09216589861751152, 'evidence_f1': 0.12779552715654952, 'similarity_metrics': np.float32(0.95077634), 'contradiction': 0.014485101215541363}"
,,,,,,"{'distance': 0.13783783783783787, 'evidence_accuracy': 0.5756756756756757, 'evidence_precision': 0.3137254901960784, 'evidence_recall': 0.11594202898550725, 'evidence_f1': 0.1693121693121693, 'similarity_metrics': np.float32(0.88935196), 'contradiction': 0.37301361560821533}"
,,,,,,
,"{'distance': 0.37387387387387383, 'evidence_accuracy': 0.44969818913480886, 'evidence_precision': 0.2557077625570776, 'evidence_recall': 0.33633633633633636, 'evidence_f1': 0.2905317769130999, 'similarity_metrics': np.float32(0.994908), 'contradiction': 0.16187292337417603}","{'distance': 0.37810383747178333, 'evidence_accuracy': 0.44668008048289737, 'evidence_precision': 0.255079006772009, 'evidence_recall': 0.33933933933933935, 'evidence_f1': 0.2912371134020619, 'similarity_metrics': np.float32(0.9943493), 'contradiction': 0.16748058795928955}","{'distance': 0.375, 'evidence_accuracy': 0.448692152917505, 'evidence_precision': 0.255125284738041, 'evidence_recall': 0.33633633633633636, 'evidence_f1': 0.2901554404145078, 'similarity_metrics': np.float32(0.994908), 'contradiction': 0.16187292337417603}",,,"{'distance': 0.059356136820925554, 'evidence_accuracy': 0.676056338028169, 'evidence_precision': 0.5932203389830508, 'evidence_recall': 0.10510510510510511, 'evidence_f1': 0.1785714285714286, 'similarity_metrics': np.float32(0.9655542), 'contradiction': 0.1398109346628189}"
,,,,,,
,"{'distance': 0.9751295336787564, 'evidence_accuracy': 0.40561364887176665, 'evidence_precision': 0.4082543223647518, 'evidence_recall': 0.9747003994673769, 'evidence_f1': 0.5754716981132076, 'similarity_metrics': np.float32(0.6110013), 'contradiction': 0.11883872002363205}","{'distance': 0.515773470163436, 'evidence_accuracy': 0.6103467253714915, 'evidence_precision': 0.5182049110922947, 'evidence_recall': 0.8149134487350199, 'evidence_f1': 0.6335403726708074, 'similarity_metrics': np.float32(0.94113827), 'contradiction': 0.07127687335014343}","{'distance': 0.9641760491299898, 'evidence_accuracy': 0.4149697303247111, 'evidence_precision': 0.41245791245791247, 'evidence_recall': 0.9786950732356857, 'evidence_f1': 0.5803395183576786, 'similarity_metrics': np.float32(0.7380191), 'contradiction': 0.1458093374967575}",,,
,,,,,,"{'distance': 0.044324324324324316, 'evidence_accuracy': 0.7621621621621621, 'evidence_precision': 0.35365853658536583, 'evidence_recall': 0.06971153846153846, 'evidence_f1': 0.11646586345381527, 'similarity_metrics': np.float32(0.9558324), 'contradiction': 0.17489676177501678}"
,,,,,,"{'distance': 0.0992366412213741, 'evidence_accuracy': 0.8, 'evidence_precision': 0.015151515151515152, 'evidence_recall': 0.014925373134328358, 'evidence_f1': 0.015037593984962405, 'similarity_metrics': np.float32(0.9717709), 'contradiction': 0.15365850925445557}"
,,,,,,"{'distance': 0.0028818443804035088, 'evidence_accuracy': 0.5446685878962536, 'evidence_precision': 1.0, 'evidence_recall': 0.006289308176100629, 'evidence_f1': 0.0125, 'similarity_metrics': np.float32(0.99984854), 'contradiction': 0.007395374123007059}"
,,,,,,
,"{'distance': 0.9714656290531777, 'evidence_accuracy': 0.13096862210095497, 'evidence_precision': 0.1260387811634349, 'evidence_recall': 0.9381443298969072, 'evidence_f1': 0.2222222222222222, 'similarity_metrics': np.float32(0.6293968), 'contradiction': 0.0999751016497612}","{'distance': 0.4035087719298246, 'evidence_accuracy': 0.495225102319236, 'evidence_precision': 0.10204081632653061, 'evidence_recall': 0.36082474226804123, 'evidence_f1': 0.1590909090909091, 'similarity_metrics': np.float32(0.99171114), 'contradiction': 0.38983023166656494}",,,"{'distance': 0.2793696275071633, 'evidence_accuracy': 0.6439290586630286, 'evidence_precision': 0.14347826086956522, 'evidence_recall': 0.3402061855670103, 'evidence_f1': 0.2018348623853211, 'similarity_metrics': np.float32(0.9524678), 'contradiction': 0.11081301420927048}","{'distance': 0.019099590723055893, 'evidence_accuracy': 0.8540245566166439, 'evidence_precision': 0.14285714285714285, 'evidence_recall': 0.020618556701030927, 'evidence_f1': 0.036036036036036036, 'similarity_metrics': np.float32(0.97082186), 'contradiction': 0.29012331366539}"
,,,,,,"{'distance': 0.0194029850746269, 'evidence_accuracy': 0.9522388059701492, 'evidence_precision': 0.07692307692307693, 'evidence_recall': 0.047619047619047616, 'evidence_f1': 0.058823529411764705, 'similarity_metrics': np.float32(0.8341336), 'contradiction': 0.1126437857747078}"
,,,,,,
,,,,,,"{'distance': 0.09198113207547165, 'evidence_accuracy': 0.7028301886792453, 'evidence_precision': 0.1794871794871795, 'evidence_recall': 0.06930693069306931, 'evidence_f1': 0.1, 'similarity_metrics': np.float32(0.9547032), 'contradiction': 0.04540063068270683}"
,,,,,,"{'distance': 0.0639658848614072, 'evidence_accuracy': 0.8667377398720683, 'evidence_precision': 0.07246376811594203, 'evidence_recall': 0.07575757575757576, 'evidence_f1': 0.07407407407407407, 'similarity_metrics': np.float32(0.91427016), 'contradiction': 0.09607315808534622}"
,,,,,,
,"{'distance': 0.9414298018949182, 'evidence_accuracy': 0.1644674835061263, 'evidence_precision': 0.14452554744525548, 'evidence_recall': 0.9519230769230769, 'evidence_f1': 0.25095057034220536, 'similarity_metrics': np.float32(0.80346656), 'contradiction': 0.00533023476600647}",,,,,"{'distance': 0.012252591894439169, 'evidence_accuracy': 0.8454288407163054, 'evidence_precision': 0.19230769230769232, 'evidence_recall': 0.016025641025641024, 'evidence_f1': 0.029585798816568042, 'similarity_metrics': np.float32(0.8766702), 'contradiction': 0.02579255774617195}"
,,"{'distance': 0.8780487804878049, 'evidence_accuracy': 0.24892703862660945, 'evidence_precision': 0.21788990825688073, 'evidence_recall': 0.9134615384615384, 'evidence_f1': 0.35185185185185186, 'similarity_metrics': np.float32(0.8747984), 'contradiction': 0.12768907845020294}",,,,"{'distance': 0.14377682403433478, 'evidence_accuracy': 0.6545064377682404, 'evidence_precision': 0.07462686567164178, 'evidence_recall': 0.04807692307692308, 'evidence_f1': 0.05847953216374269, 'similarity_metrics': np.float32(0.86760557), 'contradiction': 0.11196409165859222}"
"{'distance': 0.39435028248587567, 'evidence_accuracy': 0.5368314833501514, 'evidence_precision': 0.008771929824561403, 'evidence_recall': 0.36363636363636365, 'evidence_f1': 0.017130620985010704, 'similarity_metrics': np.float32(0.930338), 'contradiction': 0.9060314297676086}","{'distance': 0.38747884940778343, 'evidence_accuracy': 0.544904137235116, 'evidence_precision': 0.008928571428571428, 'evidence_recall': 0.36363636363636365, 'evidence_f1': 0.017429193899782133, 'similarity_metrics': np.float32(0.99604857), 'contradiction': 0.04242291674017906}",,,,,"{'distance': 0.016145307769929396, 'evidence_accuracy': 0.9727547931382442, 'evidence_precision': 0.0, 'evidence_recall': 0.0, 'evidence_f1': 0, 'similarity_metrics': np.float32(0.9478943), 'contradiction': 0.04707849398255348}"
,,,"{'distance': 0.9550561797752809, 'evidence_accuracy': 0.08744038155802862, 'evidence_precision': 0.07305194805194805, 'evidence_recall': 0.9375, 'evidence_f1': 0.1355421686746988, 'similarity_metrics': np.float32(0.5914961), 'contradiction': 0.06897581368684769}",,,
,,"{'distance': 0.8784676354029062, 'evidence_accuracy': 0.28067484662576686, 'evidence_precision': 0.25742574257425743, 'evidence_recall': 0.8914285714285715, 'evidence_f1': 0.39948783610755445, 'similarity_metrics': np.float32(0.5283118), 'contradiction': 0.16933229565620422}",,"{'distance': 0.4493023255813954, 'evidence_accuracy': 0.3665644171779141, 'evidence_precision': 0.16573033707865167, 'evidence_recall': 0.33714285714285713, 'evidence_f1': 0.2222222222222222, 'similarity_metrics': np.float32(0.8284235), 'contradiction': 0.6958448886871338}",,
,,,"{'distance': 0.6680672268907564, 'evidence_accuracy': 0.22420907840440166, 'evidence_precision': 0.07543859649122807, 'evidence_recall': 0.5375, 'evidence_f1': 0.1323076923076923, 'similarity_metrics': np.float32(0.7935024), 'contradiction': 0.024078035727143288}",,,
"{'distance': 0.2471204188481675, 'evidence_accuracy': 0.6231599607458292, 'evidence_precision': 0.2159468438538206, 'evidence_recall': 0.3051643192488263, 'evidence_f1': 0.25291828793774324, 'similarity_metrics': np.float32(0.9734188), 'contradiction': 0.9825248122215271}","{'distance': 0.3151581243184297, 'evidence_accuracy': 0.5426889106967615, 'evidence_precision': 0.17647058823529413, 'evidence_recall': 0.323943661971831, 'evidence_f1': 0.22847682119205298, 'similarity_metrics': np.float32(0.9898396), 'contradiction': 0.004224096890538931}","{'distance': 0.16179540709812112, 'evidence_accuracy': 0.6938174681059862, 'evidence_precision': 0.28, 'evidence_recall': 0.29577464788732394, 'evidence_f1': 0.2876712328767123, 'similarity_metrics': np.float32(0.98220235), 'contradiction': 0.9925203323364258}","{'distance': 1.0, 'evidence_accuracy': 0.20902845927379785, 'evidence_precision': 0.20902845927379785, 'evidence_recall': 1.0, 'evidence_f1': 0.3457792207792208, 'similarity_metrics': np.float32(-0.052840438), 'contradiction': 0.02340317890048027}","{'distance': 0.6141402037147993, 'evidence_accuracy': 0.4043179587831207, 'evidence_precision': 0.22017045454545456, 'evidence_recall': 0.7276995305164319, 'evidence_f1': 0.33805888767720826, 'similarity_metrics': np.float32(0.71763635), 'contradiction': 0.9758067727088928}","{'distance': 0.3115823817292006, 'evidence_accuracy': 0.6329735034347399, 'evidence_precision': 0.29411764705882354, 'evidence_recall': 0.539906103286385, 'evidence_f1': 0.38079470198675497, 'similarity_metrics': np.float32(0.9633763), 'contradiction': 0.9888885617256165}","{'distance': 0.0009813542688911214, 'evidence_accuracy': 0.7899901864573111, 'evidence_precision': 0.0, 'evidence_recall': 0.0, 'evidence_f1': 0, 'similarity_metrics': np.float32(1.0), 'contradiction': 0.012225286103785038}"
,,,,,,"{'distance': 0.09888059701492535, 'evidence_accuracy': 0.6996268656716418, 'evidence_precision': 0.22641509433962265, 'evidence_recall': 0.09090909090909091, 'evidence_f1': 0.12972972972972974, 'similarity_metrics': np.float32(0.8098671), 'contradiction': 0.10767428576946259}"
"{'distance': 0.2761904761904762, 'evidence_accuracy': 0.7267857142857143, 'evidence_precision': 0.36384976525821594, 'evidence_recall': 0.8157894736842105, 'evidence_f1': 0.5032467532467533, 'similarity_metrics': np.float32(0.9404914), 'contradiction': 0.9661780595779419}",,,,,,"{'distance': 0.010714285714285676, 'evidence_accuracy': 0.825, 'evidence_precision': 0.25, 'evidence_recall': 0.015789473684210527, 'evidence_f1': 0.029702970297029705, 'similarity_metrics': np.float32(0.9535979), 'contradiction': 0.20169182121753693}"
,,,,,,"{'distance': 0.18594594594594593, 'evidence_accuracy': 0.7632432432432432, 'evidence_precision': 0.06395348837209303, 'evidence_recall': 0.15942028985507245, 'evidence_f1': 0.0912863070539419, 'similarity_metrics': np.float32(0.86911225), 'contradiction': 0.11951170116662979}"
,,,,,,
,,,,,,"{'distance': 0.04458598726114649, 'evidence_accuracy': 0.7770700636942676, 'evidence_precision': 0.2, 'evidence_recall': 0.045454545454545456, 'evidence_f1': 0.07407407407407407, 'similarity_metrics': np.float32(0.9417528), 'contradiction': 0.18221929669380188}"
,"{'distance': 0.5930232558139534, 'evidence_accuracy': 0.22127659574468084, 'evidence_precision': 0.1661631419939577, 'evidence_recall': 0.3793103448275862, 'evidence_f1': 0.23109243697478993, 'similarity_metrics': np.float32(0.96422935), 'contradiction': 0.012418536469340324}",,,,,"{'distance': 0.03829787234042559, 'evidence_accuracy': 0.6702127659574468, 'evidence_precision': 0.2222222222222222, 'evidence_recall': 0.027586206896551724, 'evidence_f1': 0.04907975460122699, 'similarity_metrics': np.float32(0.9857657), 'contradiction': 0.05311236530542374}"
,,,,,,
,,,,,,
,,,,,,
,,,,,,"{'distance': 0.1331096196868009, 'evidence_accuracy': 0.7181208053691275, 'evidence_precision': 0.15966386554621848, 'evidence_recall': 0.1111111111111111, 'evidence_f1': 0.13103448275862067, 'similarity_metrics': np.float32(0.95396626), 'contradiction': 0.035221636295318604}"
,"{'distance': 0.4122137404580153, 'evidence_accuracy': 0.4468690702087287, 'evidence_precision': 0.07884615384615384, 'evidence_recall': 0.2827586206896552, 'evidence_f1': 0.12330827067669173, 'similarity_metrics': np.float32(0.94429845), 'contradiction': 0.3446060121059418}",,,,"{'distance': 0.248, 'evidence_accuracy': 0.6337760910815939, 'evidence_precision': 0.15472779369627507, 'evidence_recall': 0.3724137931034483, 'evidence_f1': 0.21862348178137653, 'similarity_metrics': np.float32(0.9214114), 'contradiction': 0.46038541197776794}","{'distance': 0.01992409867172673, 'evidence_accuracy': 0.8519924098671727, 'evidence_precision': 0.23809523809523808, 'evidence_recall': 0.034482758620689655, 'evidence_f1': 0.06024096385542168, 'similarity_metrics': np.float32(0.9904065), 'contradiction': 0.231648787856102}"
,,,,,,
,,,,,,
,,,"{'distance': 0.453971119133574, 'evidence_accuracy': 0.44650499286733236, 'evidence_precision': 0.18569636135508155, 'evidence_recall': 0.5381818181818182, 'evidence_f1': 0.2761194029850746, 'similarity_metrics': np.float32(0.666446), 'contradiction': 0.6072025299072266}",,,"{'distance': 0.007132667617689048, 'evidence_accuracy': 0.7995720399429387, 'evidence_precision': 0.2, 'evidence_recall': 0.007272727272727273, 'evidence_f1': 0.014035087719298246, 'similarity_metrics': np.float32(0.96929264), 'contradiction': 0.06941533088684082}"
,,,,,,"{'distance': 0.007566204287515754, 'evidence_accuracy': 0.7061790668348046, 'evidence_precision': 0.3333333333333333, 'evidence_recall': 0.008658008658008658, 'evidence_f1': 0.01687763713080169, 'similarity_metrics': np.float32(0.99715555), 'contradiction': 0.008754980750381947}"
,,,,,,"{'distance': 0.049004594180704464, 'evidence_accuracy': 0.7534456355283308, 'evidence_precision': 0.3125, 'evidence_recall': 0.06711409395973154, 'evidence_f1': 0.11049723756906077, 'similarity_metrics': np.float32(0.89120615), 'contradiction': 0.1735372394323349}"
,,,,,,
,,,,,,
,,,,,,
,,,,,,"{'distance': 0.02821997105643992, 'evidence_accuracy': 0.8393632416787264, 'evidence_precision': 0.3076923076923077, 'evidence_recall': 0.057971014492753624, 'evidence_f1': 0.0975609756097561, 'similarity_metrics': np.float32(0.797078), 'contradiction': 0.07861535251140594}"
,,,,,,
,,,,,,"{'distance': 0.02619692863595302, 'evidence_accuracy': 0.7488708220415538, 'evidence_precision': 0.13793103448275862, 'evidence_recall': 0.01556420233463035, 'evidence_f1': 0.027972027972027972, 'similarity_metrics': np.float32(0.9884019), 'contradiction': 0.28258320689201355}"
"{'distance': 0.9319470699432892, 'evidence_accuracy': 0.6192170818505338, 'evidence_precision': 0.6615969581749049, 'evidence_recall': 0.90625, 'evidence_f1': 0.7648351648351648, 'similarity_metrics': np.float32(0.92055225), 'contradiction': 0.9720793962478638}","{'distance': 1.0, 'evidence_accuracy': 0.6832740213523132, 'evidence_precision': 0.6832740213523132, 'evidence_recall': 1.0, 'evidence_f1': 0.8118393234672304, 'similarity_metrics': np.float32(0.089922145), 'contradiction': 0.14672094583511353}","{'distance': 0.4606299212598425, 'evidence_accuracy': 0.498220640569395, 'evidence_precision': 0.6758620689655173, 'evidence_recall': 0.5104166666666666, 'evidence_f1': 0.5816023738872403, 'similarity_metrics': np.float32(0.9711608), 'contradiction': 0.8758506774902344}","{'distance': 1.0, 'evidence_accuracy': 0.6832740213523132, 'evidence_precision': 0.6832740213523132, 'evidence_recall': 1.0, 'evidence_f1': 0.8118393234672304, 'similarity_metrics': np.float32(0.089922145), 'contradiction': 0.14672094583511353}","{'distance': 0.32183908045977017, 'evidence_accuracy': 0.4234875444839858, 'evidence_precision': 0.6442307692307693, 'evidence_recall': 0.3489583333333333, 'evidence_f1': 0.4527027027027027, 'similarity_metrics': np.float32(0.9903408), 'contradiction': 0.03290047124028206}","{'distance': 0.47307692307692306, 'evidence_accuracy': 0.4875444839857651, 'evidence_precision': 0.6689655172413793, 'evidence_recall': 0.5025906735751295, 'evidence_f1': 0.5739644970414202, 'similarity_metrics': np.float32(0.92942196), 'contradiction': 0.981477677822113}","{'distance': 0.007117437722419906, 'evidence_accuracy': 0.3167259786476868, 'evidence_precision': 0.5, 'evidence_recall': 0.005208333333333333, 'evidence_f1': 0.010309278350515462, 'similarity_metrics': np.float32(0.99814993), 'contradiction': 0.024580148980021477}"
,,,,,,"{'distance': 0.12092130518234168, 'evidence_accuracy': 0.6928982725527831, 'evidence_precision': 0.49206349206349204, 'evidence_recall': 0.1949685534591195, 'evidence_f1': 0.2792792792792793, 'similarity_metrics': np.float32(0.9900583), 'contradiction': 0.004945508670061827}"
,,,,,,"{'distance': 0.052350427350427386, 'evidence_accuracy': 0.7158119658119658, 'evidence_precision': 0.4897959183673469, 'evidence_recall': 0.09056603773584905, 'evidence_f1': 0.15286624203821655, 'similarity_metrics': np.float32(0.8159348), 'contradiction': 0.010340857319533825}"
,"{'distance': 0.9382940108892922, 'evidence_accuracy': 0.2851365015166835, 'evidence_precision': 0.27853403141361255, 'evidence_recall': 0.9366197183098591, 'evidence_f1': 0.4293785310734463, 'similarity_metrics': np.float32(0.43811888), 'contradiction': 0.018747657537460327}",,,,,"{'distance': 0.05257836198179977, 'evidence_accuracy': 0.6845298281092013, 'evidence_precision': 0.23076923076923078, 'evidence_recall': 0.04225352112676056, 'evidence_f1': 0.07142857142857142, 'similarity_metrics': np.float32(0.87110716), 'contradiction': 0.23558054864406586}"
"{'distance': 0.538788522848034, 'evidence_accuracy': 0.41605839416058393, 'evidence_precision': 0.20783132530120482, 'evidence_recall': 0.5476190476190477, 'evidence_f1': 0.3013100436681223, 'similarity_metrics': np.float32(0.9686177), 'contradiction': 0.8200604319572449}","{'distance': 1.0, 'evidence_accuracy': 0.22992700729927007, 'evidence_precision': 0.22992700729927007, 'evidence_recall': 1.0, 'evidence_f1': 0.37388724035608306, 'similarity_metrics': np.float32(0.14595893), 'contradiction': 0.3229122757911682}","{'distance': 0.6239717978848414, 'evidence_accuracy': 0.3886861313868613, 'evidence_precision': 0.23273657289002558, 'evidence_recall': 0.7222222222222222, 'evidence_f1': 0.3520309477756286, 'similarity_metrics': np.float32(0.9506906), 'contradiction': 0.8647257685661316}","{'distance': 1.0, 'evidence_accuracy': 0.22992700729927007, 'evidence_precision': 0.22992700729927007, 'evidence_recall': 1.0, 'evidence_f1': 0.37388724035608306, 'similarity_metrics': np.float32(0.14595893), 'contradiction': 0.3229122757911682}","{'distance': 0.6465863453815262, 'evidence_accuracy': 0.3029197080291971, 'evidence_precision': 0.19230769230769232, 'evidence_recall': 0.6349206349206349, 'evidence_f1': 0.2952029520295203, 'similarity_metrics': np.float32(0.84136915), 'contradiction': 0.9187688827514648}","{'distance': 0.15406162464985995, 'evidence_accuracy': 0.7591240875912408, 'evidence_precision': 0.46875, 'evidence_recall': 0.35714285714285715, 'evidence_f1': 0.40540540540540543, 'similarity_metrics': np.float32(0.9645701), 'contradiction': 0.879652738571167}","{'distance': 0.0018248175182481452, 'evidence_accuracy': 0.7682481751824818, 'evidence_precision': 0.0, 'evidence_recall': 0.0, 'evidence_f1': 0, 'similarity_metrics': np.float32(1.0), 'contradiction': 0.008844594471156597}"
"{'distance': 0.17625231910946193, 'evidence_accuracy': 0.7017341040462428, 'evidence_precision': 0.14, 'evidence_recall': 0.24561403508771928, 'evidence_f1': 0.17834394904458598, 'similarity_metrics': np.float32(0.9399456), 'contradiction': 0.05618773773312569}",,,,"{'distance': 0.23048555623847578, 'evidence_accuracy': 0.6566473988439306, 'evidence_precision': 0.11715481171548117, 'evidence_recall': 0.24561403508771928, 'evidence_f1': 0.1586402266288952, 'similarity_metrics': np.float32(0.82712245), 'contradiction': 0.5069718956947327}","{'distance': 0.1604179471419791, 'evidence_accuracy': 0.7213872832369942, 'evidence_precision': 0.15300546448087432, 'evidence_recall': 0.24561403508771928, 'evidence_f1': 0.18855218855218855, 'similarity_metrics': np.float32(0.98741794), 'contradiction': 0.5464043021202087}","{'distance': 0.0011560693641619046, 'evidence_accuracy': 0.8670520231213873, 'evidence_precision': 0.0, 'evidence_recall': 0.0, 'evidence_f1': 0, 'similarity_metrics': np.float32(0.9473924), 'contradiction': 0.0074930861592292786}"
,"{'distance': 0.8682926829268293, 'evidence_accuracy': 0.3173216885007278, 'evidence_precision': 0.29541864139020535, 'evidence_recall': 0.8904761904761904, 'evidence_f1': 0.44365361803084225, 'similarity_metrics': np.float32(0.84330666), 'contradiction': 0.8417830467224121}","{'distance': 0.8823529411764706, 'evidence_accuracy': 0.31149927219796214, 'evidence_precision': 0.29356357927786497, 'evidence_recall': 0.8904761904761904, 'evidence_f1': 0.4415584415584415, 'similarity_metrics': np.float32(0.7949418), 'contradiction': 0.4984755516052246}","{'distance': 0.8682926829268293, 'evidence_accuracy': 0.3173216885007278, 'evidence_precision': 0.29541864139020535, 'evidence_recall': 0.8904761904761904, 'evidence_f1': 0.44365361803084225, 'similarity_metrics': np.float32(0.84330666), 'contradiction': 0.8417830467224121}",,,"{'distance': 0.05676855895196509, 'evidence_accuracy': 0.6899563318777293, 'evidence_precision': 0.46153846153846156, 'evidence_recall': 0.08571428571428572, 'evidence_f1': 0.14457831325301204, 'similarity_metrics': np.float32(0.7463025), 'contradiction': 0.04226421192288399}"
,,,,,"{'distance': 0.9704142011834319, 'evidence_accuracy': 0.23275862068965517, 'evidence_precision': 0.2267250821467689, 'evidence_recall': 0.971830985915493, 'evidence_f1': 0.36767317939609234, 'similarity_metrics': np.float32(0.47039738), 'contradiction': 0.02326669916510582}","{'distance': 0.17780172413793105, 'evidence_accuracy': 0.6853448275862069, 'evidence_precision': 0.2606060606060606, 'evidence_recall': 0.20187793427230047, 'evidence_f1': 0.2275132275132275, 'similarity_metrics': np.float32(0.8534439), 'contradiction': 0.07384682446718216}"
,,,"{'distance': 0.4156378600823045, 'evidence_accuracy': 0.45043731778425655, 'evidence_precision': 0.24169184290030213, 'evidence_recall': 0.3883495145631068, 'evidence_f1': 0.297951582867784, 'similarity_metrics': np.float32(0.9913151), 'contradiction': 0.1885780245065689}",,,
,,,,,,
,"{'distance': 0.9927166788055353, 'evidence_accuracy': 0.4390602055800294, 'evidence_precision': 0.4392041267501842, 'evidence_recall': 0.994991652754591, 'evidence_f1': 0.6094069529652352, 'similarity_metrics': np.float32(0.4115634), 'contradiction': 0.3558007478713989}",,,,,
,,,,,,"{'distance': 0.0429184549356223, 'evidence_accuracy': 0.7467811158798283, 'evidence_precision': 0.5, 'evidence_recall': 0.0847457627118644, 'evidence_f1': 0.14492753623188406, 'similarity_metrics': np.float32(0.8303674), 'contradiction': 0.14901390671730042}"
,"{'distance': 0.4064375340971086, 'evidence_accuracy': 0.4553314121037464, 'evidence_precision': 0.21713147410358566, 'evidence_recall': 0.38515901060070673, 'evidence_f1': 0.27770700636942675, 'similarity_metrics': np.float32(0.901218), 'contradiction': 0.0329727828502655}","{'distance': 0.4593679458239278, 'evidence_accuracy': 0.4159462055715658, 'evidence_precision': 0.21201413427561838, 'evidence_recall': 0.425531914893617, 'evidence_f1': 0.2830188679245283, 'similarity_metrics': np.float32(0.90030015), 'contradiction': 0.24259348213672638}",,,,"{'distance': 0.06724303554274735, 'evidence_accuracy': 0.7329490874159462, 'evidence_precision': 0.5285714285714286, 'evidence_recall': 0.13120567375886524, 'evidence_f1': 0.2102272727272727, 'similarity_metrics': np.float32(0.992072), 'contradiction': 0.017408018931746483}"
,,,,,,"{'distance': 0.041980624327233595, 'evidence_accuracy': 0.7524219590958019, 'evidence_precision': 0.20512820512820512, 'evidence_recall': 0.03864734299516908, 'evidence_f1': 0.06504065040650406, 'similarity_metrics': np.float32(0.9334681), 'contradiction': 0.0893486961722374}"
,,,,,,"{'distance': 0.004208754208754217, 'evidence_accuracy': 0.8838383838383839, 'evidence_precision': 0.0, 'evidence_recall': 0.0, 'evidence_f1': 0, 'similarity_metrics': np.float32(0.9816379), 'contradiction': 0.07255510240793228}"
,,,,,,"{'distance': 0.040166204986149534, 'evidence_accuracy': 0.7977839335180056, 'evidence_precision': 0.27586206896551724, 'evidence_recall': 0.06015037593984962, 'evidence_f1': 0.09876543209876543, 'similarity_metrics': np.float32(0.89591706), 'contradiction': 0.1478462964296341}"
,,,,,,"{'distance': 0.014311270125223596, 'evidence_accuracy': 0.6893261776982708, 'evidence_precision': 0.6666666666666666, 'evidence_recall': 0.030245746691871456, 'evidence_f1': 0.057866184448462935, 'similarity_metrics': np.float32(0.9870892), 'contradiction': 0.007546891458332539}"
,,,,,,
,,,,,,
"{'distance': 0.2724968314321926, 'evidence_accuracy': 0.5432801822323462, 'evidence_precision': 0.5672131147540984, 'evidence_recall': 0.3914027149321267, 'evidence_f1': 0.463186077643909, 'similarity_metrics': np.float32(0.9342325), 'contradiction': 0.976413905620575}","{'distance': 1.0, 'evidence_accuracy': 0.5034168564920274, 'evidence_precision': 0.5034168564920274, 'evidence_recall': 1.0, 'evidence_f1': 0.6696969696969698, 'similarity_metrics': np.float32(0.12384848), 'contradiction': 0.4560275077819824}","{'distance': 0.4438738077769626, 'evidence_accuracy': 0.7027334851936219, 'evidence_precision': 0.6813627254509018, 'evidence_recall': 0.7692307692307693, 'evidence_f1': 0.722635494155154, 'similarity_metrics': np.float32(0.9347066), 'contradiction': 0.9584531188011169}","{'distance': 1.0, 'evidence_accuracy': 0.5034168564920274, 'evidence_precision': 0.5034168564920274, 'evidence_recall': 1.0, 'evidence_f1': 0.6696969696969698, 'similarity_metrics': np.float32(0.12384848), 'contradiction': 0.4560275077819824}","{'distance': 0.395778364116095, 'evidence_accuracy': 0.4305239179954442, 'evidence_precision': 0.431924882629108, 'evidence_recall': 0.416289592760181, 'evidence_f1': 0.423963133640553, 'similarity_metrics': np.float32(0.7753159), 'contradiction': 0.9350674748420715}","{'distance': 0.17618761274804573, 'evidence_accuracy': 0.5227790432801822, 'evidence_precision': 0.5595854922279793, 'evidence_recall': 0.24434389140271492, 'evidence_f1': 0.34015748031496057, 'similarity_metrics': np.float32(0.9363588), 'contradiction': 0.9759945869445801}","{'distance': 0.001138952164009166, 'evidence_accuracy': 0.4977220956719818, 'evidence_precision': 1.0, 'evidence_recall': 0.0022624434389140274, 'evidence_f1': 0.004514672686230249, 'similarity_metrics': np.float32(0.99999994), 'contradiction': 0.006720656529068947}"
,,,,,,"{'distance': 0.0802139037433155, 'evidence_accuracy': 0.7887700534759359, 'evidence_precision': 0.16666666666666666, 'evidence_recall': 0.0847457627118644, 'evidence_f1': 0.11235955056179776, 'similarity_metrics': np.float32(0.93005645), 'contradiction': 0.03730810433626175}"
,,,,,,"{'distance': 0.018047579983593076, 'evidence_accuracy': 0.8515176374077112, 'evidence_precision': 0.22727272727272727, 'evidence_recall': 0.029585798816568046, 'evidence_f1': 0.05235602094240837, 'similarity_metrics': np.float32(0.80832076), 'contradiction': 0.006152153480798006}"
,,,,,,
"{'distance': 0.21923076923076923, 'evidence_accuracy': 0.7308684436801376, 'evidence_precision': 0.1954674220963173, 'evidence_recall': 0.7040816326530612, 'evidence_f1': 0.30598669623059865, 'similarity_metrics': np.float32(0.91540915), 'contradiction': 0.5659719109535217}","{'distance': 1.0, 'evidence_accuracy': 0.08426483233018056, 'evidence_precision': 0.08426483233018056, 'evidence_recall': 1.0, 'evidence_f1': 0.15543219666931007, 'similarity_metrics': np.float32(0.03710573), 'contradiction': 0.0900673046708107}","{'distance': 0.8290196078431372, 'evidence_accuracy': 0.17454858125537404, 'evidence_precision': 0.09108159392789374, 'evidence_recall': 0.9795918367346939, 'evidence_f1': 0.16666666666666669, 'similarity_metrics': np.float32(0.8563143), 'contradiction': 0.03655392676591873}","{'distance': 1.0, 'evidence_accuracy': 0.08426483233018056, 'evidence_precision': 0.08426483233018056, 'evidence_recall': 1.0, 'evidence_f1': 0.15543219666931007, 'similarity_metrics': np.float32(0.03710573), 'contradiction': 0.0900673046708107}","{'distance': 0.9982817869415808, 'evidence_accuracy': 0.08512467755803955, 'evidence_precision': 0.08433734939759036, 'evidence_recall': 1.0, 'evidence_f1': 0.15555555555555556, 'similarity_metrics': np.float32(0.4885471), 'contradiction': 0.38126638531684875}","{'distance': 0.9982817869415808, 'evidence_accuracy': 0.08512467755803955, 'evidence_precision': 0.08433734939759036, 'evidence_recall': 1.0, 'evidence_f1': 0.15555555555555556, 'similarity_metrics': np.float32(0.4885471), 'contradiction': 0.38126638531684875}","{'distance': 0.012897678417884806, 'evidence_accuracy': 0.9062768701633706, 'evidence_precision': 0.13333333333333333, 'evidence_recall': 0.02040816326530612, 'evidence_f1': 0.035398230088495575, 'similarity_metrics': np.float32(0.86284065), 'contradiction': 0.09936082363128662}"
