e-persona-you,e-implcit-target-e-persona-you,e-persona-human,e-implcit-target,e-implcit-target-e-persona-human,baseline,TextFoolerJin2019
,,,,,,"{'distance': 0.01948051948051943, 'evidence_accuracy': 0.7077922077922078, 'evidence_precision': 0.6666666666666666, 'evidence_recall': 0.043478260869565216, 'evidence_f1': 0.08163265306122448, 'similarity_metrics': 0.99288666, 'contradiction': 0.03852725401520729}"
,"{'distance': 0.6660194174757281, 'evidence_accuracy': 0.5418848167539267, 'evidence_precision': 0.4186046511627907, 'evidence_recall': 1.0, 'evidence_f1': 0.5901639344262295, 'similarity_metrics': 0.87176746, 'contradiction': 0.01574864611029625}",,,"{'distance': 0.6660194174757281, 'evidence_accuracy': 0.5418848167539267, 'evidence_precision': 0.4186046511627907, 'evidence_recall': 1.0, 'evidence_f1': 0.5901639344262295, 'similarity_metrics': 0.87176746, 'contradiction': 0.01574864611029625}","{'distance': 0.6660194174757281, 'evidence_accuracy': 0.5418848167539267, 'evidence_precision': 0.4186046511627907, 'evidence_recall': 1.0, 'evidence_f1': 0.5901639344262295, 'similarity_metrics': 0.87176746, 'contradiction': 0.01574864611029625}","{'distance': 0.04450261780104714, 'evidence_accuracy': 0.6465968586387435, 'evidence_precision': 0.23529411764705882, 'evidence_recall': 0.031746031746031744, 'evidence_f1': 0.055944055944055944, 'similarity_metrics': 0.9422174, 'contradiction': 0.12546071410179138}"
,,,,,,"{'distance': 0.06723716381418088, 'evidence_accuracy': 0.6259168704156479, 'evidence_precision': 0.4727272727272727, 'evidence_recall': 0.0858085808580858, 'evidence_f1': 0.1452513966480447, 'similarity_metrics': 0.73716265, 'contradiction': 0.043108243495225906}"
,,,"{'distance': 0.31212121212121213, 'evidence_accuracy': 0.38095238095238093, 'evidence_precision': 0.4076923076923077, 'evidence_recall': 0.26903553299492383, 'evidence_f1': 0.32415902140672787, 'similarity_metrics': 0.9861536, 'contradiction': 0.7883647084236145}",,,"{'distance': 0.050420168067226934, 'evidence_accuracy': 0.47058823529411764, 'evidence_precision': 0.7222222222222222, 'evidence_recall': 0.06598984771573604, 'evidence_f1': 0.12093023255813955, 'similarity_metrics': 0.92394733, 'contradiction': 0.06575995683670044}"
,,,,,,"{'distance': 0.11857707509881421, 'evidence_accuracy': 0.5810276679841897, 'evidence_precision': 0.2, 'evidence_recall': 0.06818181818181818, 'evidence_f1': 0.10169491525423728, 'similarity_metrics': 0.766526, 'contradiction': 0.0873299390077591}"
,,,,,,"{'distance': 0.13006993006993006, 'evidence_accuracy': 0.6125874125874126, 'evidence_precision': 0.0967741935483871, 'evidence_recall': 0.04455445544554455, 'evidence_f1': 0.06101694915254237, 'similarity_metrics': 0.87206495, 'contradiction': 0.32969802618026733}"
"{'distance': 0.815668202764977, 'evidence_accuracy': 0.3656716417910448, 'evidence_precision': 0.2916666666666667, 'evidence_recall': 1.0, 'evidence_f1': 0.45161290322580644, 'similarity_metrics': 0.77882195, 'contradiction': 0.9714805483818054}",,,,,,"{'distance': 0.015991471215351827, 'evidence_accuracy': 0.7356076759061834, 'evidence_precision': 0.4, 'evidence_recall': 0.024489795918367346, 'evidence_f1': 0.04615384615384615, 'similarity_metrics': 0.99307275, 'contradiction': 0.005798079073429108}"
,,,,,,
,,,,,,"{'distance': 0.009487666034155628, 'evidence_accuracy': 0.7941176470588235, 'evidence_precision': 0.4, 'evidence_recall': 0.018604651162790697, 'evidence_f1': 0.035555555555555556, 'similarity_metrics': 0.96822387, 'contradiction': 0.04781295731663704}"
,,,,,,"{'distance': 0.13583138173302112, 'evidence_accuracy': 0.6323185011709602, 'evidence_precision': 0.6206896551724138, 'evidence_recall': 0.21052631578947367, 'evidence_f1': 0.31441048034934493, 'similarity_metrics': 0.9132558, 'contradiction': 0.07229737937450409}"
,,,,,,
,,,,,,"{'distance': 0.09185803757828814, 'evidence_accuracy': 0.8434237995824635, 'evidence_precision': 0.03409090909090909, 'evidence_recall': 0.04411764705882353, 'evidence_f1': 0.03846153846153846, 'similarity_metrics': 0.9732375, 'contradiction': 0.017910394817590714}"
,,,,,,"{'distance': 0.0015785319652722452, 'evidence_accuracy': 0.9755327545382794, 'evidence_precision': 0.0, 'evidence_recall': 0.0, 'evidence_f1': 0, 'similarity_metrics': 1.0, 'contradiction': 0.004234864376485348}"
,,,,,,
,,,,,,"{'distance': 0.06346153846153846, 'evidence_accuracy': 0.7903846153846154, 'evidence_precision': 0.5454545454545454, 'evidence_recall': 0.16071428571428573, 'evidence_f1': 0.24827586206896554, 'similarity_metrics': 0.98157674, 'contradiction': 0.015488236211240292}"
,,,,,,
,,,,,,
,,,,,,"{'distance': 0.005434782608695676, 'evidence_accuracy': 0.6684782608695652, 'evidence_precision': 0.75, 'evidence_recall': 0.012195121951219513, 'evidence_f1': 0.024000000000000004, 'similarity_metrics': 0.9877358, 'contradiction': 0.05761149525642395}"
"{'distance': 0.39762845849802375, 'evidence_accuracy': 0.4287769784172662, 'evidence_precision': 0.43670886075949367, 'evidence_recall': 0.3865546218487395, 'evidence_f1': 0.4101040118870728, 'similarity_metrics': 0.9975454, 'contradiction': 0.1184779480099678}","{'distance': 0.39762845849802375, 'evidence_accuracy': 0.4287769784172662, 'evidence_precision': 0.43670886075949367, 'evidence_recall': 0.3865546218487395, 'evidence_f1': 0.4101040118870728, 'similarity_metrics': 0.9975454, 'contradiction': 0.1184779480099678}","{'distance': 0.39762845849802375, 'evidence_accuracy': 0.4287769784172662, 'evidence_precision': 0.43670886075949367, 'evidence_recall': 0.3865546218487395, 'evidence_f1': 0.4101040118870728, 'similarity_metrics': 0.9974397, 'contradiction': 0.11822405457496643}",,"{'distance': 0.39762845849802375, 'evidence_accuracy': 0.4287769784172662, 'evidence_precision': 0.43670886075949367, 'evidence_recall': 0.3865546218487395, 'evidence_f1': 0.4101040118870728, 'similarity_metrics': 0.9975454, 'contradiction': 0.1184779480099678}","{'distance': 0.39762845849802375, 'evidence_accuracy': 0.4287769784172662, 'evidence_precision': 0.43670886075949367, 'evidence_recall': 0.3865546218487395, 'evidence_f1': 0.4101040118870728, 'similarity_metrics': 0.9975454, 'contradiction': 0.1184779480099678}","{'distance': 0.07050359712230214, 'evidence_accuracy': 0.5223021582733813, 'evidence_precision': 0.7551020408163265, 'evidence_recall': 0.10364145658263306, 'evidence_f1': 0.18226600985221678, 'similarity_metrics': 1.0000001, 'contradiction': 0.025782465934753418}"
,,,,,,
"{'distance': 0.5084485407066053, 'evidence_accuracy': 0.4157608695652174, 'evidence_precision': 0.17307692307692307, 'evidence_recall': 0.45569620253164556, 'evidence_f1': 0.2508710801393728, 'similarity_metrics': 0.98327047, 'contradiction': 0.026676880195736885}","{'distance': 0.9795918367346939, 'evidence_accuracy': 0.22554347826086957, 'evidence_precision': 0.21703296703296704, 'evidence_recall': 1.0, 'evidence_f1': 0.3566591422121896, 'similarity_metrics': 0.3635857, 'contradiction': 0.21287329494953156}","{'distance': 0.9795918367346939, 'evidence_accuracy': 0.22554347826086957, 'evidence_precision': 0.21703296703296704, 'evidence_recall': 1.0, 'evidence_f1': 0.3566591422121896, 'similarity_metrics': 0.3635857, 'contradiction': 0.21287329494953156}",,"{'distance': 0.9795918367346939, 'evidence_accuracy': 0.22554347826086957, 'evidence_precision': 0.21703296703296704, 'evidence_recall': 1.0, 'evidence_f1': 0.3566591422121896, 'similarity_metrics': 0.3635857, 'contradiction': 0.21287329494953156}","{'distance': 0.9795918367346939, 'evidence_accuracy': 0.22554347826086957, 'evidence_precision': 0.21703296703296704, 'evidence_recall': 1.0, 'evidence_f1': 0.3566591422121896, 'similarity_metrics': 0.3635857, 'contradiction': 0.21287329494953156}","{'distance': 0.048913043478260865, 'evidence_accuracy': 0.779891304347826, 'evidence_precision': 0.4444444444444444, 'evidence_recall': 0.10126582278481013, 'evidence_f1': 0.16494845360824742, 'similarity_metrics': 0.99066436, 'contradiction': 0.29719963669776917}"
,,,,,,"{'distance': 0.015238095238095273, 'evidence_accuracy': 0.5619047619047619, 'evidence_precision': 0.625, 'evidence_recall': 0.021551724137931036, 'evidence_f1': 0.04166666666666667, 'similarity_metrics': 0.9960151, 'contradiction': 0.011959431692957878}"
,,,,,,"{'distance': 0.02917771883289122, 'evidence_accuracy': 0.7453580901856764, 'evidence_precision': 0.7272727272727273, 'evidence_recall': 0.07920792079207921, 'evidence_f1': 0.14285714285714288, 'similarity_metrics': 0.98745143, 'contradiction': 0.028422115370631218}"
,,,,,,"{'distance': 0.01903695408734607, 'evidence_accuracy': 0.6864501679731243, 'evidence_precision': 0.7647058823529411, 'evidence_recall': 0.04498269896193772, 'evidence_f1': 0.08496732026143791, 'similarity_metrics': 0.94872797, 'contradiction': 0.12443884462118149}"
,,,"{'distance': 0.9321533923303835, 'evidence_accuracy': 0.20923076923076922, 'evidence_precision': 0.21212121212121213, 'evidence_recall': 0.869281045751634, 'evidence_f1': 0.34102564102564104, 'similarity_metrics': 0.40011096, 'contradiction': 0.45849892497062683}",,,"{'distance': 0.010769230769230753, 'evidence_accuracy': 0.7723076923076924, 'evidence_precision': 0.8571428571428571, 'evidence_recall': 0.0392156862745098, 'evidence_f1': 0.075, 'similarity_metrics': 0.99502575, 'contradiction': 0.07487048953771591}"
,,,,,,"{'distance': 0.12084063047285465, 'evidence_accuracy': 0.5726795096322241, 'evidence_precision': 0.21739130434782608, 'evidence_recall': 0.07317073170731707, 'evidence_f1': 0.1094890510948905, 'similarity_metrics': 0.89684933, 'contradiction': 0.1213810071349144}"
,,,,,,"{'distance': 0.02027809965237548, 'evidence_accuracy': 0.4721900347624565, 'evidence_precision': 0.8, 'evidence_recall': 0.030042918454935622, 'evidence_f1': 0.05791106514994829, 'similarity_metrics': 0.9974359, 'contradiction': 0.039000749588012695}"
,,,,,,"{'distance': 0.0021186440677966045, 'evidence_accuracy': 0.625, 'evidence_precision': 1.0, 'evidence_recall': 0.0056179775280898875, 'evidence_f1': 0.0111731843575419, 'similarity_metrics': 0.99902797, 'contradiction': 0.014375103637576103}"
"{'distance': 0.19207048458149778, 'evidence_accuracy': 0.6893491124260355, 'evidence_precision': 0.6123853211009175, 'evidence_recall': 0.5154440154440154, 'evidence_f1': 0.559748427672956, 'similarity_metrics': 0.99028057, 'contradiction': 0.028822317719459534}","{'distance': 0.19207048458149778, 'evidence_accuracy': 0.6893491124260355, 'evidence_precision': 0.6123853211009175, 'evidence_recall': 0.5154440154440154, 'evidence_f1': 0.559748427672956, 'similarity_metrics': 0.99028057, 'contradiction': 0.028822317719459534}","{'distance': 0.19207048458149778, 'evidence_accuracy': 0.6893491124260355, 'evidence_precision': 0.6123853211009175, 'evidence_recall': 0.5154440154440154, 'evidence_f1': 0.559748427672956, 'similarity_metrics': 0.99028057, 'contradiction': 0.028822317719459534}","{'distance': 0.3685661764705882, 'evidence_accuracy': 0.5761834319526628, 'evidence_precision': 0.45864661654135336, 'evidence_recall': 0.5888030888030888, 'evidence_f1': 0.5156382079459002, 'similarity_metrics': 0.9773263, 'contradiction': 0.1525658518075943}","{'distance': 0.19207048458149778, 'evidence_accuracy': 0.6893491124260355, 'evidence_precision': 0.6123853211009175, 'evidence_recall': 0.5154440154440154, 'evidence_f1': 0.559748427672956, 'similarity_metrics': 0.99028057, 'contradiction': 0.028822317719459534}","{'distance': 0.19207048458149778, 'evidence_accuracy': 0.6893491124260355, 'evidence_precision': 0.6123853211009175, 'evidence_recall': 0.5154440154440154, 'evidence_f1': 0.559748427672956, 'similarity_metrics': 0.99028057, 'contradiction': 0.028822317719459534}","{'distance': 0.002218934911242587, 'evidence_accuracy': 0.6161242603550295, 'evidence_precision': 0.3333333333333333, 'evidence_recall': 0.0019305019305019305, 'evidence_f1': 0.0038387715930902114, 'similarity_metrics': 1.0000002, 'contradiction': 0.036698117852211}"
"{'distance': 0.9073569482288828, 'evidence_accuracy': 0.26176470588235295, 'evidence_precision': 0.22291021671826625, 'evidence_recall': 1.0, 'evidence_f1': 0.36455696202531646, 'similarity_metrics': 0.73603946, 'contradiction': 0.09650494158267975}","{'distance': 0.9073569482288828, 'evidence_accuracy': 0.26176470588235295, 'evidence_precision': 0.22291021671826625, 'evidence_recall': 1.0, 'evidence_f1': 0.36455696202531646, 'similarity_metrics': 0.73603946, 'contradiction': 0.09650494158267975}","{'distance': 0.9073569482288828, 'evidence_accuracy': 0.26176470588235295, 'evidence_precision': 0.22291021671826625, 'evidence_recall': 1.0, 'evidence_f1': 0.36455696202531646, 'similarity_metrics': 0.73603946, 'contradiction': 0.09650494158267975}","{'distance': 0.248811410459588, 'evidence_accuracy': 0.6147058823529412, 'evidence_precision': 0.21359223300970873, 'evidence_recall': 0.3055555555555556, 'evidence_f1': 0.25142857142857145, 'similarity_metrics': 0.99077976, 'contradiction': 0.019939400255680084}","{'distance': 0.9073569482288828, 'evidence_accuracy': 0.26176470588235295, 'evidence_precision': 0.22291021671826625, 'evidence_recall': 1.0, 'evidence_f1': 0.36455696202531646, 'similarity_metrics': 0.73603946, 'contradiction': 0.09650494158267975}","{'distance': 0.9073569482288828, 'evidence_accuracy': 0.26176470588235295, 'evidence_precision': 0.22291021671826625, 'evidence_recall': 1.0, 'evidence_f1': 0.36455696202531646, 'similarity_metrics': 0.73603946, 'contradiction': 0.09650494158267975}","{'distance': 0.08235294117647063, 'evidence_accuracy': 0.7235294117647059, 'evidence_precision': 0.10714285714285714, 'evidence_recall': 0.041666666666666664, 'evidence_f1': 0.06, 'similarity_metrics': 0.96342117, 'contradiction': 0.01645085960626602}"
,,,,,,"{'distance': 0.07889908256880729, 'evidence_accuracy': 0.9064220183486239, 'evidence_precision': 0.04081632653061224, 'evidence_recall': 0.3333333333333333, 'evidence_f1': 0.07272727272727272, 'similarity_metrics': 0.90355915, 'contradiction': 0.8582565188407898}"
,,,,,,
,,,,,,"{'distance': 0.11605415860735013, 'evidence_accuracy': 0.769825918762089, 'evidence_precision': 0.4, 'evidence_recall': 0.22429906542056074, 'evidence_f1': 0.2874251497005988, 'similarity_metrics': 0.9583545, 'contradiction': 0.010631680488586426}"
,,,,,,"{'distance': 0.009146341463414642, 'evidence_accuracy': 0.7292682926829268, 'evidence_precision': 0.3333333333333333, 'evidence_recall': 0.011389521640091117, 'evidence_f1': 0.022026431718061675, 'similarity_metrics': 0.8873111, 'contradiction': 0.09237173944711685}"
,,,,,,"{'distance': 0.04360189573459716, 'evidence_accuracy': 0.6976303317535545, 'evidence_precision': 0.43478260869565216, 'evidence_recall': 0.06389776357827476, 'evidence_f1': 0.11142061281337047, 'similarity_metrics': 0.9519572, 'contradiction': 0.08048201352357864}"
,,,,,,"{'distance': 0.04028925619834711, 'evidence_accuracy': 0.7231404958677686, 'evidence_precision': 0.358974358974359, 'evidence_recall': 0.054474708171206226, 'evidence_f1': 0.0945945945945946, 'similarity_metrics': 0.9866428, 'contradiction': 0.007765693124383688}"
"{'distance': 0.19858781994704322, 'evidence_accuracy': 0.5456053067993366, 'evidence_precision': 0.28859060402684567, 'evidence_recall': 0.2037914691943128, 'evidence_f1': 0.2388888888888889, 'similarity_metrics': 0.9937767, 'contradiction': 0.0972888171672821}","{'distance': 0.19858781994704322, 'evidence_accuracy': 0.5456053067993366, 'evidence_precision': 0.28859060402684567, 'evidence_recall': 0.2037914691943128, 'evidence_f1': 0.2388888888888889, 'similarity_metrics': 0.9937767, 'contradiction': 0.0972888171672821}","{'distance': 0.16958041958041958, 'evidence_accuracy': 0.5737976782752903, 'evidence_precision': 0.3203125, 'evidence_recall': 0.1943127962085308, 'evidence_f1': 0.2418879056047198, 'similarity_metrics': 0.9937767, 'contradiction': 0.02507782354950905}","{'distance': 0.21731448763250882, 'evidence_accuracy': 0.548922056384743, 'evidence_precision': 0.3105590062111801, 'evidence_recall': 0.23696682464454977, 'evidence_f1': 0.2688172043010753, 'similarity_metrics': 0.98594695, 'contradiction': 0.04226979985833168}","{'distance': 0.19858781994704322, 'evidence_accuracy': 0.5456053067993366, 'evidence_precision': 0.28859060402684567, 'evidence_recall': 0.2037914691943128, 'evidence_f1': 0.2388888888888889, 'similarity_metrics': 0.9937767, 'contradiction': 0.0972888171672821}","{'distance': 0.19858781994704322, 'evidence_accuracy': 0.5456053067993366, 'evidence_precision': 0.28859060402684567, 'evidence_recall': 0.2037914691943128, 'evidence_f1': 0.2388888888888889, 'similarity_metrics': 0.9937767, 'contradiction': 0.0972888171672821}","{'distance': 0.05804311774461024, 'evidence_accuracy': 0.6583747927031509, 'evidence_precision': 0.5714285714285714, 'evidence_recall': 0.0947867298578199, 'evidence_f1': 0.16260162601626016, 'similarity_metrics': 0.93058085, 'contradiction': 0.06721269339323044}"
,,,,,,"{'distance': 0.16608996539792387, 'evidence_accuracy': 0.5570934256055363, 'evidence_precision': 0.6597938144329897, 'evidence_recall': 0.2229965156794425, 'evidence_f1': 0.3333333333333333, 'similarity_metrics': 0.97632074, 'contradiction': 0.012928996235132217}"
,,"{'distance': 0.6539162112932605, 'evidence_accuracy': 0.5838607594936709, 'evidence_precision': 0.4582392776523702, 'evidence_recall': 0.8982300884955752, 'evidence_f1': 0.6068759342301943, 'similarity_metrics': 0.9764775, 'contradiction': 0.35726362466812134}",,,,"{'distance': 0.02373417721518989, 'evidence_accuracy': 0.6471518987341772, 'evidence_precision': 0.6, 'evidence_recall': 0.03982300884955752, 'evidence_f1': 0.07468879668049794, 'similarity_metrics': 0.9984746, 'contradiction': 0.16543696820735931}"
,,,,,,"{'distance': 0.0019230769230769162, 'evidence_accuracy': 0.8865384615384615, 'evidence_precision': 0.0, 'evidence_recall': 0.0, 'evidence_f1': 0, 'similarity_metrics': 0.9973043, 'contradiction': 0.01693505235016346}"
,,,,,,"{'distance': 0.1377551020408163, 'evidence_accuracy': 0.21428571428571427, 'evidence_precision': 0.9629629629629629, 'evidence_recall': 0.1452513966480447, 'evidence_f1': 0.2524271844660194, 'similarity_metrics': 0.7458472, 'contradiction': 0.11044590175151825}"
,,,,,,"{'distance': 0.023989898989899006, 'evidence_accuracy': 0.553030303030303, 'evidence_precision': 0.5263157894736842, 'evidence_recall': 0.028169014084507043, 'evidence_f1': 0.05347593582887701, 'similarity_metrics': 0.9675443, 'contradiction': 0.17154334485530853}"
,,,,,,
,,,,,,
,,,,,,
,,,,,,"{'distance': 0.1428571428571429, 'evidence_accuracy': 0.4485049833887043, 'evidence_precision': 0.367816091954023, 'evidence_recall': 0.10355987055016182, 'evidence_f1': 0.1616161616161616, 'similarity_metrics': 0.7811425, 'contradiction': 0.0384114645421505}"
,,,,,,
,,,,,,"{'distance': 0.0935672514619883, 'evidence_accuracy': 0.45321637426900585, 'evidence_precision': 0.5, 'evidence_recall': 0.0855614973262032, 'evidence_f1': 0.1461187214611872, 'similarity_metrics': 0.9019295, 'contradiction': 0.038829393684864044}"
,,,,,,
,,,,,,
,,,,,,"{'distance': 0.0031806615776081015, 'evidence_accuracy': 0.7181933842239185, 'evidence_precision': 0.6, 'evidence_recall': 0.006756756756756757, 'evidence_f1': 0.013363028953229399, 'similarity_metrics': 0.9996022, 'contradiction': 0.003730748314410448}"
,,,,,,"{'distance': 0.034232365145228205, 'evidence_accuracy': 0.6680497925311203, 'evidence_precision': 0.24242424242424243, 'evidence_recall': 0.026402640264026403, 'evidence_f1': 0.04761904761904762, 'similarity_metrics': 0.9402117, 'contradiction': 0.231060191988945}"
"{'distance': 0.9790209790209791, 'evidence_accuracy': 0.41092636579572445, 'evidence_precision': 0.40456182472989194, 'evidence_recall': 1.0, 'evidence_f1': 0.576068376068376, 'similarity_metrics': 0.36317587, 'contradiction': 0.7765162587165833}","{'distance': 0.9790209790209791, 'evidence_accuracy': 0.41092636579572445, 'evidence_precision': 0.40456182472989194, 'evidence_recall': 1.0, 'evidence_f1': 0.576068376068376, 'similarity_metrics': 0.36317587, 'contradiction': 0.7765162587165833}","{'distance': 0.9790209790209791, 'evidence_accuracy': 0.41092636579572445, 'evidence_precision': 0.40456182472989194, 'evidence_recall': 1.0, 'evidence_f1': 0.576068376068376, 'similarity_metrics': 0.36317587, 'contradiction': 0.7765162587165833}",,"{'distance': 0.9790209790209791, 'evidence_accuracy': 0.41092636579572445, 'evidence_precision': 0.40456182472989194, 'evidence_recall': 1.0, 'evidence_f1': 0.576068376068376, 'similarity_metrics': 0.36317587, 'contradiction': 0.7765162587165833}","{'distance': 0.9790209790209791, 'evidence_accuracy': 0.41092636579572445, 'evidence_precision': 0.40456182472989194, 'evidence_recall': 1.0, 'evidence_f1': 0.576068376068376, 'similarity_metrics': 0.36317587, 'contradiction': 0.7765162587165833}",
,,,,,,
,"{'distance': 0.2589341692789968, 'evidence_accuracy': 0.5648949320148331, 'evidence_precision': 0.26605504587155965, 'evidence_recall': 0.232, 'evidence_f1': 0.24786324786324784, 'similarity_metrics': 0.9999304, 'contradiction': 0.04601221904158592}","{'distance': 0.2589341692789968, 'evidence_accuracy': 0.5648949320148331, 'evidence_precision': 0.26605504587155965, 'evidence_recall': 0.232, 'evidence_f1': 0.24786324786324784, 'similarity_metrics': 0.9999304, 'contradiction': 0.04601221904158592}",,"{'distance': 0.2589341692789968, 'evidence_accuracy': 0.5648949320148331, 'evidence_precision': 0.26605504587155965, 'evidence_recall': 0.232, 'evidence_f1': 0.24786324786324784, 'similarity_metrics': 0.9999304, 'contradiction': 0.04601221904158592}","{'distance': 0.2589341692789968, 'evidence_accuracy': 0.5648949320148331, 'evidence_precision': 0.26605504587155965, 'evidence_recall': 0.232, 'evidence_f1': 0.24786324786324784, 'similarity_metrics': 0.9999304, 'contradiction': 0.04601221904158592}","{'distance': 0.01977750309023485, 'evidence_accuracy': 0.6860321384425216, 'evidence_precision': 0.375, 'evidence_recall': 0.024, 'evidence_f1': 0.04511278195488722, 'similarity_metrics': 0.99065197, 'contradiction': 0.01727687567472458}"
,,,,,,"{'distance': 0.04035874439461884, 'evidence_accuracy': 0.5067264573991032, 'evidence_precision': 0.8333333333333334, 'evidence_recall': 0.06465517241379311, 'evidence_f1': 0.12, 'similarity_metrics': 0.9541392, 'contradiction': 0.4933988153934479}"
"{'distance': 0.6756440281030445, 'evidence_accuracy': 0.4717948717948718, 'evidence_precision': 0.5234159779614325, 'evidence_recall': 0.7383419689119171, 'evidence_f1': 0.6125738850080601, 'similarity_metrics': 0.9973066, 'contradiction': 0.05075781047344208}","{'distance': 0.6797653958944281, 'evidence_accuracy': 0.47619047619047616, 'evidence_precision': 0.526075022872827, 'evidence_recall': 0.7448186528497409, 'evidence_f1': 0.6166219839142091, 'similarity_metrics': 0.9967926, 'contradiction': 0.046498943120241165}","{'distance': 0.6756440281030445, 'evidence_accuracy': 0.4717948717948718, 'evidence_precision': 0.5234159779614325, 'evidence_recall': 0.7383419689119171, 'evidence_f1': 0.6125738850080601, 'similarity_metrics': 0.9973066, 'contradiction': 0.05075781047344208}","{'distance': 0.7209847596717468, 'evidence_accuracy': 0.4805860805860806, 'evidence_precision': 0.5279503105590062, 'evidence_recall': 0.7707253886010362, 'evidence_f1': 0.6266456029489204, 'similarity_metrics': 0.9973908, 'contradiction': 0.1889219582080841}","{'distance': 0.6797653958944281, 'evidence_accuracy': 0.47619047619047616, 'evidence_precision': 0.526075022872827, 'evidence_recall': 0.7448186528497409, 'evidence_f1': 0.6166219839142091, 'similarity_metrics': 0.9967926, 'contradiction': 0.046498943120241165}","{'distance': 0.6797653958944281, 'evidence_accuracy': 0.47619047619047616, 'evidence_precision': 0.526075022872827, 'evidence_recall': 0.7448186528497409, 'evidence_f1': 0.6166219839142091, 'similarity_metrics': 0.9967926, 'contradiction': 0.046498943120241165}","{'distance': 0.01538461538461533, 'evidence_accuracy': 0.44542124542124545, 'evidence_precision': 0.8571428571428571, 'evidence_recall': 0.023316062176165803, 'evidence_f1': 0.04539722572509458, 'similarity_metrics': 0.9973463, 'contradiction': 0.05308801680803299}"
,,,,,,
,,,,,,"{'distance': 0.07371794871794868, 'evidence_accuracy': 0.4391025641025641, 'evidence_precision': 0.15217391304347827, 'evidence_recall': 0.0220125786163522, 'evidence_f1': 0.038461538461538464, 'similarity_metrics': 0.872011, 'contradiction': 0.033846478909254074}"
,,,,,,"{'distance': 0.07250755287009059, 'evidence_accuracy': 0.3776435045317221, 'evidence_precision': 0.5208333333333334, 'evidence_recall': 0.06038647342995169, 'evidence_f1': 0.10822510822510821, 'similarity_metrics': 0.9701804, 'contradiction': 0.16314788162708282}"
,,"{'distance': 0.614481409001957, 'evidence_accuracy': 0.35344827586206895, 'evidence_precision': 0.13226452905811623, 'evidence_recall': 0.7951807228915663, 'evidence_f1': 0.22680412371134018, 'similarity_metrics': 0.9735172, 'contradiction': 0.20849883556365967}","{'distance': 0.43684633950120677, 'evidence_accuracy': 0.4295977011494253, 'evidence_precision': 0.046242774566473986, 'evidence_recall': 0.1927710843373494, 'evidence_f1': 0.07459207459207459, 'similarity_metrics': 0.9735234, 'contradiction': 0.24144382774829865}",,,"{'distance': 0.08764367816091956, 'evidence_accuracy': 0.8477011494252874, 'evidence_precision': 0.3114754098360656, 'evidence_recall': 0.2289156626506024, 'evidence_f1': 0.2638888888888889, 'similarity_metrics': 0.9934592, 'contradiction': 0.043778132647275925}"
,,,,,,
,,,,,,"{'distance': 0.003072196620583667, 'evidence_accuracy': 0.7557603686635944, 'evidence_precision': 1.0, 'evidence_recall': 0.012422360248447204, 'evidence_f1': 0.024539877300613494, 'similarity_metrics': 1.0, 'contradiction': 0.025117309764027596}"
,,,,,,
,,,,,,"{'distance': 0.004398826979472137, 'evidence_accuracy': 0.7067448680351907, 'evidence_precision': 0.6666666666666666, 'evidence_recall': 0.009950248756218905, 'evidence_f1': 0.0196078431372549, 'similarity_metrics': 0.9977491, 'contradiction': 0.003342309268191457}"
,,,,,,"{'distance': 0.003916449086161844, 'evidence_accuracy': 0.7010443864229765, 'evidence_precision': 0.6666666666666666, 'evidence_recall': 0.008695652173913044, 'evidence_f1': 0.01716738197424893, 'similarity_metrics': 0.9970387, 'contradiction': 0.00420901644974947}"
"{'distance': 0.7807652533609101, 'evidence_accuracy': 0.4744958481613286, 'evidence_precision': 0.3997289972899729, 'evidence_recall': 1.0, 'evidence_f1': 0.5711519845111326, 'similarity_metrics': 0.86179566, 'contradiction': 0.019105151295661926}","{'distance': 0.7807652533609101, 'evidence_accuracy': 0.4744958481613286, 'evidence_precision': 0.3997289972899729, 'evidence_recall': 1.0, 'evidence_f1': 0.5711519845111326, 'similarity_metrics': 0.86179566, 'contradiction': 0.019105151295661926}","{'distance': 0.7807652533609101, 'evidence_accuracy': 0.4744958481613286, 'evidence_precision': 0.3997289972899729, 'evidence_recall': 1.0, 'evidence_f1': 0.5711519845111326, 'similarity_metrics': 0.86179566, 'contradiction': 0.019105151295661926}",,"{'distance': 0.7807652533609101, 'evidence_accuracy': 0.4744958481613286, 'evidence_precision': 0.3997289972899729, 'evidence_recall': 1.0, 'evidence_f1': 0.5711519845111326, 'similarity_metrics': 0.86179566, 'contradiction': 0.019105151295661926}","{'distance': 0.7807652533609101, 'evidence_accuracy': 0.4744958481613286, 'evidence_precision': 0.3997289972899729, 'evidence_recall': 1.0, 'evidence_f1': 0.5711519845111326, 'similarity_metrics': 0.86179566, 'contradiction': 0.019105151295661926}","{'distance': 0.11625148279952546, 'evidence_accuracy': 0.6334519572953736, 'evidence_precision': 0.42857142857142855, 'evidence_recall': 0.1423728813559322, 'evidence_f1': 0.21374045801526717, 'similarity_metrics': 1.0000002, 'contradiction': 0.005934613291174173}"
,,,,,,"{'distance': 0.01139601139601143, 'evidence_accuracy': 0.8219373219373219, 'evidence_precision': 0.875, 'evidence_recall': 0.05343511450381679, 'evidence_f1': 0.10071942446043167, 'similarity_metrics': 0.9995208, 'contradiction': 0.003654457861557603}"
"{'distance': 0.38122827346465815, 'evidence_accuracy': 0.4611451942740286, 'evidence_precision': 0.4391891891891892, 'evidence_recall': 0.41226215644820297, 'evidence_f1': 0.4252998909487459, 'similarity_metrics': 0.9793633, 'contradiction': 0.21218498051166534}","{'distance': 0.38318840579710145, 'evidence_accuracy': 0.46319018404907975, 'evidence_precision': 0.44170403587443946, 'evidence_recall': 0.4164904862579281, 'evidence_f1': 0.42872687704026113, 'similarity_metrics': 0.968239, 'contradiction': 0.21611858904361725}","{'distance': 0.38318840579710145, 'evidence_accuracy': 0.46319018404907975, 'evidence_precision': 0.44170403587443946, 'evidence_recall': 0.4164904862579281, 'evidence_f1': 0.42872687704026113, 'similarity_metrics': 0.968239, 'contradiction': 0.21611858904361725}","{'distance': 0.37744533947065595, 'evidence_accuracy': 0.4703476482617587, 'evidence_precision': 0.448512585812357, 'evidence_recall': 0.4143763213530655, 'evidence_f1': 0.4307692307692308, 'similarity_metrics': 0.9329356, 'contradiction': 0.7344377636909485}","{'distance': 0.38318840579710145, 'evidence_accuracy': 0.46319018404907975, 'evidence_precision': 0.44170403587443946, 'evidence_recall': 0.4164904862579281, 'evidence_f1': 0.42872687704026113, 'similarity_metrics': 0.968239, 'contradiction': 0.21611858904361725}","{'distance': 0.38318840579710145, 'evidence_accuracy': 0.46319018404907975, 'evidence_precision': 0.44170403587443946, 'evidence_recall': 0.4164904862579281, 'evidence_f1': 0.42872687704026113, 'similarity_metrics': 0.968239, 'contradiction': 0.21611858904361725}","{'distance': 0.0010224948875255935, 'evidence_accuracy': 0.5173824130879345, 'evidence_precision': 1.0, 'evidence_recall': 0.0021141649048625794, 'evidence_f1': 0.004219409282700422, 'similarity_metrics': 1.0000001, 'contradiction': 0.009058582596480846}"
,"{'distance': 0.7045454545454546, 'evidence_accuracy': 0.5563380281690141, 'evidence_precision': 0.5236051502145923, 'evidence_recall': 0.8905109489051095, 'evidence_f1': 0.6594594594594595, 'similarity_metrics': 0.5488111, 'contradiction': 0.18427900969982147}",,,"{'distance': 0.7045454545454546, 'evidence_accuracy': 0.5563380281690141, 'evidence_precision': 0.5236051502145923, 'evidence_recall': 0.8905109489051095, 'evidence_f1': 0.6594594594594595, 'similarity_metrics': 0.5488111, 'contradiction': 0.18427900969982147}","{'distance': 0.7045454545454546, 'evidence_accuracy': 0.5563380281690141, 'evidence_precision': 0.5236051502145923, 'evidence_recall': 0.8905109489051095, 'evidence_f1': 0.6594594594594595, 'similarity_metrics': 0.5488111, 'contradiction': 0.18427900969982147}","{'distance': 0.007042253521126751, 'evidence_accuracy': 0.5176056338028169, 'evidence_precision': 0.5, 'evidence_recall': 0.0072992700729927005, 'evidence_f1': 0.014388489208633093, 'similarity_metrics': 0.9971261, 'contradiction': 0.9669226408004761}"
,,,,,,"{'distance': 0.06546990496304117, 'evidence_accuracy': 0.6473072861668426, 'evidence_precision': 0.6612903225806451, 'evidence_recall': 0.11581920903954802, 'evidence_f1': 0.19711538461538464, 'similarity_metrics': 0.82418233, 'contradiction': 0.028663603588938713}"
,,,,,,"{'distance': 0.04357541899441342, 'evidence_accuracy': 0.6949720670391062, 'evidence_precision': 0.38461538461538464, 'evidence_recall': 0.056818181818181816, 'evidence_f1': 0.099009900990099, 'similarity_metrics': 0.9968732, 'contradiction': 0.038039904087781906}"
,,,,,,"{'distance': 0.08293838862559244, 'evidence_accuracy': 0.7144549763033176, 'evidence_precision': 0.32857142857142857, 'evidence_recall': 0.10599078341013825, 'evidence_f1': 0.1602787456445993, 'similarity_metrics': 0.97703195, 'contradiction': 0.053552109748125076}"
,,,,,,"{'distance': 0.01195814648729443, 'evidence_accuracy': 0.703288490284006, 'evidence_precision': 0.5625, 'evidence_recall': 0.022556390977443608, 'evidence_f1': 0.043373493975903614, 'similarity_metrics': 0.9993811, 'contradiction': 0.007816983386874199}"
,,,,,,
"{'distance': 0.5490113588557004, 'evidence_accuracy': 0.43711467324291, 'evidence_precision': 0.23296500920810312, 'evidence_recall': 0.7597597597597597, 'evidence_f1': 0.3565891472868217, 'similarity_metrics': 0.9950113, 'contradiction': 0.2015693187713623}","{'distance': 0.5490113588557004, 'evidence_accuracy': 0.43711467324291, 'evidence_precision': 0.23296500920810312, 'evidence_recall': 0.7597597597597597, 'evidence_f1': 0.3565891472868217, 'similarity_metrics': 0.9950113, 'contradiction': 0.2015693187713623}","{'distance': 0.5490113588557004, 'evidence_accuracy': 0.43711467324291, 'evidence_precision': 0.23296500920810312, 'evidence_recall': 0.7597597597597597, 'evidence_f1': 0.3565891472868217, 'similarity_metrics': 0.9950113, 'contradiction': 0.2015693187713623}","{'distance': 0.5490113588557004, 'evidence_accuracy': 0.43711467324291, 'evidence_precision': 0.23296500920810312, 'evidence_recall': 0.7597597597597597, 'evidence_f1': 0.3565891472868217, 'similarity_metrics': 0.9950113, 'contradiction': 0.2015693187713623}","{'distance': 0.5490113588557004, 'evidence_accuracy': 0.43711467324291, 'evidence_precision': 0.23296500920810312, 'evidence_recall': 0.7597597597597597, 'evidence_f1': 0.3565891472868217, 'similarity_metrics': 0.9950113, 'contradiction': 0.2015693187713623}","{'distance': 0.5490113588557004, 'evidence_accuracy': 0.43711467324291, 'evidence_precision': 0.23296500920810312, 'evidence_recall': 0.7597597597597597, 'evidence_f1': 0.3565891472868217, 'similarity_metrics': 0.9950113, 'contradiction': 0.2015693187713623}","{'distance': 0.01602959309494456, 'evidence_accuracy': 0.7872996300863132, 'evidence_precision': 0.2692307692307692, 'evidence_recall': 0.021021021021021023, 'evidence_f1': 0.03899721448467967, 'similarity_metrics': 0.75532633, 'contradiction': 0.4978848993778229}"
,"{'distance': 0.6657963446475196, 'evidence_accuracy': 0.45674740484429066, 'evidence_precision': 0.3325942350332594, 'evidence_recall': 0.9202453987730062, 'evidence_f1': 0.488599348534202, 'similarity_metrics': 0.97667956, 'contradiction': 0.034632161259651184}",,,"{'distance': 0.6657963446475196, 'evidence_accuracy': 0.45674740484429066, 'evidence_precision': 0.3325942350332594, 'evidence_recall': 0.9202453987730062, 'evidence_f1': 0.488599348534202, 'similarity_metrics': 0.97667956, 'contradiction': 0.034632161259651184}","{'distance': 0.6657963446475196, 'evidence_accuracy': 0.45674740484429066, 'evidence_precision': 0.3325942350332594, 'evidence_recall': 0.9202453987730062, 'evidence_f1': 0.488599348534202, 'similarity_metrics': 0.97667956, 'contradiction': 0.034632161259651184}","{'distance': 0.00692041522491349, 'evidence_accuracy': 0.7214532871972318, 'evidence_precision': 0.75, 'evidence_recall': 0.018404907975460124, 'evidence_f1': 0.03592814371257485, 'similarity_metrics': 0.99999976, 'contradiction': 0.006109725218266249}"
,,,,,,"{'distance': 0.034545454545454546, 'evidence_accuracy': 0.30363636363636365, 'evidence_precision': 0.9473684210526315, 'evidence_recall': 0.045, 'evidence_f1': 0.08591885441527446, 'similarity_metrics': 0.98075366, 'contradiction': 0.03376738354563713}"
,,,,,,
,,,,,,
"{'distance': 0.9772727272727273, 'evidence_accuracy': 0.3645699614890886, 'evidence_precision': 0.35797665369649806, 'evidence_recall': 1.0, 'evidence_f1': 0.5272206303724928, 'similarity_metrics': 0.35153735, 'contradiction': 0.044351059943437576}","{'distance': 0.9772727272727273, 'evidence_accuracy': 0.3645699614890886, 'evidence_precision': 0.35797665369649806, 'evidence_recall': 1.0, 'evidence_f1': 0.5272206303724928, 'similarity_metrics': 0.35153735, 'contradiction': 0.044351059943437576}","{'distance': 0.9772727272727273, 'evidence_accuracy': 0.3645699614890886, 'evidence_precision': 0.35797665369649806, 'evidence_recall': 1.0, 'evidence_f1': 0.5272206303724928, 'similarity_metrics': 0.35153735, 'contradiction': 0.044351059943437576}",,"{'distance': 0.9772727272727273, 'evidence_accuracy': 0.3645699614890886, 'evidence_precision': 0.35797665369649806, 'evidence_recall': 1.0, 'evidence_f1': 0.5272206303724928, 'similarity_metrics': 0.35153735, 'contradiction': 0.044351059943437576}","{'distance': 0.9772727272727273, 'evidence_accuracy': 0.3645699614890886, 'evidence_precision': 0.35797665369649806, 'evidence_recall': 1.0, 'evidence_f1': 0.5272206303724928, 'similarity_metrics': 0.35153735, 'contradiction': 0.044351059943437576}","{'distance': 0.03209242618741981, 'evidence_accuracy': 0.6290115532734275, 'evidence_precision': 0.24, 'evidence_recall': 0.021739130434782608, 'evidence_f1': 0.03986710963455149, 'similarity_metrics': 0.9775181, 'contradiction': 0.035065218806266785}"
,,,,,,"{'distance': 0.02854230377166156, 'evidence_accuracy': 0.6085626911314985, 'evidence_precision': 0.9642857142857143, 'evidence_recall': 0.06585365853658537, 'evidence_f1': 0.12328767123287672, 'similarity_metrics': 0.95319414, 'contradiction': 0.037988509982824326}"
,,,,,,
,,,,,,"{'distance': 0.023217247097844118, 'evidence_accuracy': 0.4975124378109453, 'evidence_precision': 0.8571428571428571, 'evidence_recall': 0.038338658146964855, 'evidence_f1': 0.07339449541284403, 'similarity_metrics': 0.9889205, 'contradiction': 0.031178515404462814}"
,,,,,,"{'distance': 0.0068728522336769515, 'evidence_accuracy': 0.46219931271477666, 'evidence_precision': 0.5, 'evidence_recall': 0.006389776357827476, 'evidence_f1': 0.012618296529968454, 'similarity_metrics': 1.0000001, 'contradiction': 0.04121911898255348}"
,,,"{'distance': 0.3680603152844414, 'evidence_accuracy': 0.513375796178344, 'evidence_precision': 0.2808641975308642, 'evidence_recall': 0.37916666666666665, 'evidence_f1': 0.32269503546099293, 'similarity_metrics': 0.9614111, 'contradiction': 0.7838795781135559}",,,"{'distance': 0.002547770700636942, 'evidence_accuracy': 0.6917197452229299, 'evidence_precision': 0.0, 'evidence_recall': 0.0, 'evidence_f1': 0, 'similarity_metrics': 0.9905418, 'contradiction': 0.013415655121207237}"
,,,,,,"{'distance': 0.007309941520467822, 'evidence_accuracy': 0.5584795321637427, 'evidence_precision': 1.0, 'evidence_recall': 0.016286644951140065, 'evidence_f1': 0.03205128205128205, 'similarity_metrics': 0.9979682, 'contradiction': 0.4085388779640198}"
,,,,,,"{'distance': 0.20783847980997627, 'evidence_accuracy': 0.3159144893111639, 'evidence_precision': 0.88, 'evidence_recall': 0.21720733427362482, 'evidence_f1': 0.34841628959276016, 'similarity_metrics': 0.9717951, 'contradiction': 0.1013869047164917}"
"{'distance': 0.2568238213399504, 'evidence_accuracy': 0.5243488108720272, 'evidence_precision': 0.41754385964912283, 'evidence_recall': 0.3190348525469169, 'evidence_f1': 0.3617021276595745, 'similarity_metrics': 0.9936833, 'contradiction': 0.0196821466088295}","{'distance': 0.2568238213399504, 'evidence_accuracy': 0.5243488108720272, 'evidence_precision': 0.41754385964912283, 'evidence_recall': 0.3190348525469169, 'evidence_f1': 0.3617021276595745, 'similarity_metrics': 0.9936833, 'contradiction': 0.0196821466088295}","{'distance': 0.24628712871287128, 'evidence_accuracy': 0.5130237825594564, 'evidence_precision': 0.39636363636363636, 'evidence_recall': 0.29222520107238603, 'evidence_f1': 0.33641975308641975, 'similarity_metrics': 0.9936833, 'contradiction': 0.040102142840623856}","{'distance': 0.007981755986317007, 'evidence_accuracy': 0.5889014722536806, 'evidence_precision': 0.8571428571428571, 'evidence_recall': 0.032171581769437, 'evidence_f1': 0.06201550387596899, 'similarity_metrics': 0.9936833, 'contradiction': 0.014245819300413132}","{'distance': 0.2568238213399504, 'evidence_accuracy': 0.5243488108720272, 'evidence_precision': 0.41754385964912283, 'evidence_recall': 0.3190348525469169, 'evidence_f1': 0.3617021276595745, 'similarity_metrics': 0.9936833, 'contradiction': 0.0196821466088295}","{'distance': 0.2568238213399504, 'evidence_accuracy': 0.5243488108720272, 'evidence_precision': 0.41754385964912283, 'evidence_recall': 0.3190348525469169, 'evidence_f1': 0.3617021276595745, 'similarity_metrics': 0.9936833, 'contradiction': 0.0196821466088295}","{'distance': 0.009060022650056676, 'evidence_accuracy': 0.5753114382785957, 'evidence_precision': 0.375, 'evidence_recall': 0.00804289544235925, 'evidence_f1': 0.015748031496062992, 'similarity_metrics': 0.96657205, 'contradiction': 0.009196403436362743}"
,,,,,,"{'distance': 0.21341463414634143, 'evidence_accuracy': 0.6280487804878049, 'evidence_precision': 0.6285714285714286, 'evidence_recall': 0.3142857142857143, 'evidence_f1': 0.419047619047619, 'similarity_metrics': 0.8907976, 'contradiction': 0.08100830018520355}"
,,,,,,"{'distance': 0.19033232628398788, 'evidence_accuracy': 0.6646525679758308, 'evidence_precision': 0.5555555555555556, 'evidence_recall': 0.2966101694915254, 'evidence_f1': 0.3867403314917127, 'similarity_metrics': 0.8783412, 'contradiction': 0.020923854783177376}"
,,,,,,
"{'distance': 0.9229422066549913, 'evidence_accuracy': 0.3848987108655617, 'evidence_precision': 0.35892514395393477, 'evidence_recall': 1.0, 'evidence_f1': 0.5282485875706215, 'similarity_metrics': 0.7028713, 'contradiction': 0.04759747162461281}","{'distance': 0.9159369527145359, 'evidence_accuracy': 0.3885819521178637, 'evidence_precision': 0.3603082851637765, 'evidence_recall': 1.0, 'evidence_f1': 0.5297450424929179, 'similarity_metrics': 0.7028713, 'contradiction': 0.05008126050233841}","{'distance': 0.9159369527145359, 'evidence_accuracy': 0.3885819521178637, 'evidence_precision': 0.3603082851637765, 'evidence_recall': 1.0, 'evidence_f1': 0.5297450424929179, 'similarity_metrics': 0.7028713, 'contradiction': 0.05008126050233841}",,"{'distance': 0.9159369527145359, 'evidence_accuracy': 0.3885819521178637, 'evidence_precision': 0.3603082851637765, 'evidence_recall': 1.0, 'evidence_f1': 0.5297450424929179, 'similarity_metrics': 0.7028713, 'contradiction': 0.05008126050233841}","{'distance': 0.9159369527145359, 'evidence_accuracy': 0.3885819521178637, 'evidence_precision': 0.3603082851637765, 'evidence_recall': 1.0, 'evidence_f1': 0.5297450424929179, 'similarity_metrics': 0.7028713, 'contradiction': 0.05008126050233841}","{'distance': 0.0101289134438306, 'evidence_accuracy': 0.6602209944751382, 'evidence_precision': 0.7272727272727273, 'evidence_recall': 0.0213903743315508, 'evidence_f1': 0.04155844155844156, 'similarity_metrics': 0.98354113, 'contradiction': 0.01638161763548851}"
,,,,,,"{'distance': 0.009740259740259716, 'evidence_accuracy': 0.5064935064935064, 'evidence_precision': 0.6666666666666666, 'evidence_recall': 0.013071895424836602, 'evidence_f1': 0.02564102564102564, 'similarity_metrics': 0.9994007, 'contradiction': 0.06790678203105927}"
,,,,,,"{'distance': 0.014925373134328401, 'evidence_accuracy': 0.47867803837953093, 'evidence_precision': 0.7857142857142857, 'evidence_recall': 0.022132796780684104, 'evidence_f1': 0.043052837573385516, 'similarity_metrics': 0.87086976, 'contradiction': 0.280169814825058}"
"{'distance': 0.2975495915985997, 'evidence_accuracy': 0.5777777777777777, 'evidence_precision': 0.7326343381389253, 'evidence_recall': 0.5283553875236295, 'evidence_f1': 0.613948380010983, 'similarity_metrics': 0.99739665, 'contradiction': 0.005729501135647297}","{'distance': 0.9531341534856473, 'evidence_accuracy': 0.6144144144144145, 'evidence_precision': 0.6279212792127922, 'evidence_recall': 0.9650283553875236, 'evidence_f1': 0.7608047690014904, 'similarity_metrics': 0.78804743, 'contradiction': 0.0480535663664341}","{'distance': 0.2975495915985997, 'evidence_accuracy': 0.5777777777777777, 'evidence_precision': 0.7326343381389253, 'evidence_recall': 0.5283553875236295, 'evidence_f1': 0.613948380010983, 'similarity_metrics': 0.99739665, 'contradiction': 0.005729501135647297}","{'distance': 0.29805447470817126, 'evidence_accuracy': 0.5777777777777777, 'evidence_precision': 0.7326343381389253, 'evidence_recall': 0.5283553875236295, 'evidence_f1': 0.613948380010983, 'similarity_metrics': 0.99739665, 'contradiction': 0.005282591097056866}","{'distance': 0.9531341534856473, 'evidence_accuracy': 0.6144144144144145, 'evidence_precision': 0.6279212792127922, 'evidence_recall': 0.9650283553875236, 'evidence_f1': 0.7608047690014904, 'similarity_metrics': 0.78804743, 'contradiction': 0.0480535663664341}","{'distance': 0.9531341534856473, 'evidence_accuracy': 0.6144144144144145, 'evidence_precision': 0.6279212792127922, 'evidence_recall': 0.9650283553875236, 'evidence_f1': 0.7608047690014904, 'similarity_metrics': 0.78804743, 'contradiction': 0.0480535663664341}",
"{'distance': 0.1623529411764706, 'evidence_accuracy': 0.6215559157212318, 'evidence_precision': 0.34492753623188405, 'evidence_recall': 0.33055555555555555, 'evidence_f1': 0.3375886524822695, 'similarity_metrics': 0.986727, 'contradiction': 0.015439904294908047}","{'distance': 0.1623529411764706, 'evidence_accuracy': 0.6215559157212318, 'evidence_precision': 0.34492753623188405, 'evidence_recall': 0.33055555555555555, 'evidence_f1': 0.3375886524822695, 'similarity_metrics': 0.986727, 'contradiction': 0.015439904294908047}","{'distance': 0.1623529411764706, 'evidence_accuracy': 0.6215559157212318, 'evidence_precision': 0.34492753623188405, 'evidence_recall': 0.33055555555555555, 'evidence_f1': 0.3375886524822695, 'similarity_metrics': 0.986727, 'contradiction': 0.015439904294908047}","{'distance': 0.4601412714429869, 'evidence_accuracy': 0.45948136142625606, 'evidence_precision': 0.2804005722460658, 'evidence_recall': 0.5444444444444444, 'evidence_f1': 0.3701605288007554, 'similarity_metrics': 0.98608667, 'contradiction': 0.2388140708208084}","{'distance': 0.1623529411764706, 'evidence_accuracy': 0.6215559157212318, 'evidence_precision': 0.34492753623188405, 'evidence_recall': 0.33055555555555555, 'evidence_f1': 0.3375886524822695, 'similarity_metrics': 0.986727, 'contradiction': 0.015439904294908047}","{'distance': 0.1623529411764706, 'evidence_accuracy': 0.6215559157212318, 'evidence_precision': 0.34492753623188405, 'evidence_recall': 0.33055555555555555, 'evidence_f1': 0.3375886524822695, 'similarity_metrics': 0.986727, 'contradiction': 0.015439904294908047}","{'distance': 0.0032414910858995505, 'evidence_accuracy': 0.7115072933549432, 'evidence_precision': 1.0, 'evidence_recall': 0.011111111111111112, 'evidence_f1': 0.02197802197802198, 'similarity_metrics': 0.99813294, 'contradiction': 0.04496893659234047}"
,,,,,,"{'distance': 0.08955223880597019, 'evidence_accuracy': 0.6950959488272921, 'evidence_precision': 0.47619047619047616, 'evidence_recall': 0.14184397163120568, 'evidence_f1': 0.21857923497267764, 'similarity_metrics': 0.85964894, 'contradiction': 0.0695333182811737}"
,,,,,,
,,,,,,"{'distance': 0.14018691588785048, 'evidence_accuracy': 0.6557632398753894, 'evidence_precision': 0.3888888888888889, 'evidence_recall': 0.17412935323383086, 'evidence_f1': 0.24054982817869416, 'similarity_metrics': 0.84027064, 'contradiction': 0.026839176192879677}"
,,,,,,"{'distance': 0.020874751491053667, 'evidence_accuracy': 0.5347912524850894, 'evidence_precision': 0.7142857142857143, 'evidence_recall': 0.031446540880503145, 'evidence_f1': 0.060240963855421686, 'similarity_metrics': 0.9982283, 'contradiction': 0.003304962534457445}"
,,,,,,"{'distance': 0.022727272727272707, 'evidence_accuracy': 0.6883116883116883, 'evidence_precision': 0.5714285714285714, 'evidence_recall': 0.041237113402061855, 'evidence_f1': 0.07692307692307693, 'similarity_metrics': 0.97242177, 'contradiction': 0.07876778393983841}"
,,,,,,"{'distance': 0.010385756676557834, 'evidence_accuracy': 0.8531157270029673, 'evidence_precision': 0.07142857142857142, 'evidence_recall': 0.005376344086021506, 'evidence_f1': 0.010000000000000002, 'similarity_metrics': 0.9897416, 'contradiction': 0.006441513542085886}"
,,,,,,"{'distance': 0.03536585365853662, 'evidence_accuracy': 0.6939024390243902, 'evidence_precision': 0.2413793103448276, 'evidence_recall': 0.029661016949152543, 'evidence_f1': 0.052830188679245285, 'similarity_metrics': 0.765432, 'contradiction': 0.013474402949213982}"
,,,,,,"{'distance': 0.005976095617529875, 'evidence_accuracy': 0.9302788844621513, 'evidence_precision': 0.3333333333333333, 'evidence_recall': 0.029411764705882353, 'evidence_f1': 0.05405405405405406, 'similarity_metrics': 0.987867, 'contradiction': 0.10181732475757599}"
,,,,,,"{'distance': 0.08660624370594161, 'evidence_accuracy': 0.7240684793554885, 'evidence_precision': 0.3488372093023256, 'evidence_recall': 0.12096774193548387, 'evidence_f1': 0.17964071856287428, 'similarity_metrics': 0.9815146, 'contradiction': 0.05496686324477196}"
,,,,,,"{'distance': 0.01754385964912286, 'evidence_accuracy': 0.5263157894736842, 'evidence_precision': 0.7142857142857143, 'evidence_recall': 0.026041666666666668, 'evidence_f1': 0.05025125628140704, 'similarity_metrics': 0.9899839, 'contradiction': 0.09953383356332779}"
,,,,,,"{'distance': 0.010935601458080146, 'evidence_accuracy': 0.7521263669501823, 'evidence_precision': 0.1111111111111111, 'evidence_recall': 0.005076142131979695, 'evidence_f1': 0.009708737864077669, 'similarity_metrics': 0.99496615, 'contradiction': 0.004191169980913401}"
,,,,,,"{'distance': 0.009365244536940653, 'evidence_accuracy': 0.7684703433922997, 'evidence_precision': 0.5, 'evidence_recall': 0.020224719101123594, 'evidence_f1': 0.038876889848812095, 'similarity_metrics': 0.9945233, 'contradiction': 0.008274723775684834}"
,,,,,,"{'distance': 0.0015432098765432167, 'evidence_accuracy': 0.8518518518518519, 'evidence_precision': 1.0, 'evidence_recall': 0.010309278350515464, 'evidence_f1': 0.020408163265306124, 'similarity_metrics': 1.0, 'contradiction': 0.05387368053197861}"
"{'distance': 0.9075500770416025, 'evidence_accuracy': 0.24878836833602586, 'evidence_precision': 0.22835314091680814, 'evidence_recall': 0.9275862068965517, 'evidence_f1': 0.3664850136239782, 'similarity_metrics': 0.80518687, 'contradiction': 0.00946577824652195}","{'distance': 0.9075500770416025, 'evidence_accuracy': 0.24878836833602586, 'evidence_precision': 0.22835314091680814, 'evidence_recall': 0.9275862068965517, 'evidence_f1': 0.3664850136239782, 'similarity_metrics': 0.80518687, 'contradiction': 0.00946577824652195}","{'distance': 0.7068134893324156, 'evidence_accuracy': 0.3594507269789984, 'evidence_precision': 0.2546341463414634, 'evidence_recall': 0.9, 'evidence_f1': 0.39695817490494295, 'similarity_metrics': 0.8946778, 'contradiction': 0.0019577033817768097}",,"{'distance': 0.9075500770416025, 'evidence_accuracy': 0.24878836833602586, 'evidence_precision': 0.22835314091680814, 'evidence_recall': 0.9275862068965517, 'evidence_f1': 0.3664850136239782, 'similarity_metrics': 0.80518687, 'contradiction': 0.00946577824652195}","{'distance': 0.9075500770416025, 'evidence_accuracy': 0.24878836833602586, 'evidence_precision': 0.22835314091680814, 'evidence_recall': 0.9275862068965517, 'evidence_f1': 0.3664850136239782, 'similarity_metrics': 0.80518687, 'contradiction': 0.00946577824652195}","{'distance': 0.0056542810985460434, 'evidence_accuracy': 0.7649434571890146, 'evidence_precision': 0.42857142857142855, 'evidence_recall': 0.010344827586206896, 'evidence_f1': 0.0202020202020202, 'similarity_metrics': 0.9989166, 'contradiction': 0.19356301426887512}"
,,,,,,"{'distance': 0.007042253521126751, 'evidence_accuracy': 0.8535211267605634, 'evidence_precision': 0.4, 'evidence_recall': 0.019417475728155338, 'evidence_f1': 0.037037037037037035, 'similarity_metrics': 0.8535494, 'contradiction': 0.034863509237766266}"
,,,,,,"{'distance': 0.09380530973451329, 'evidence_accuracy': 0.736283185840708, 'evidence_precision': 0.39622641509433965, 'evidence_recall': 0.15217391304347827, 'evidence_f1': 0.2198952879581152, 'similarity_metrics': 1.0000002, 'contradiction': 0.0034346957691013813}"
,,,,,,"{'distance': 0.012358393408856805, 'evidence_accuracy': 0.6838311019567456, 'evidence_precision': 0.4166666666666667, 'evidence_recall': 0.01639344262295082, 'evidence_f1': 0.031545741324921134, 'similarity_metrics': 0.99776024, 'contradiction': 0.05251834914088249}"
,"{'distance': 0.576158940397351, 'evidence_accuracy': 0.5357142857142857, 'evidence_precision': 0.16666666666666666, 'evidence_recall': 0.4, 'evidence_f1': 0.23529411764705882, 'similarity_metrics': 0.9847258, 'contradiction': 0.32842832803726196}",,,"{'distance': 0.576158940397351, 'evidence_accuracy': 0.5357142857142857, 'evidence_precision': 0.16666666666666666, 'evidence_recall': 0.4, 'evidence_f1': 0.23529411764705882, 'similarity_metrics': 0.9847258, 'contradiction': 0.32842832803726196}","{'distance': 0.576158940397351, 'evidence_accuracy': 0.5357142857142857, 'evidence_precision': 0.16666666666666666, 'evidence_recall': 0.4, 'evidence_f1': 0.23529411764705882, 'similarity_metrics': 0.9847258, 'contradiction': 0.32842832803726196}","{'distance': 0.007653061224489832, 'evidence_accuracy': 0.8290816326530612, 'evidence_precision': 1.0, 'evidence_recall': 0.04285714285714286, 'evidence_f1': 0.0821917808219178, 'similarity_metrics': 1.0000002, 'contradiction': 0.5695447325706482}"
,,,,,,"{'distance': 0.042857142857142816, 'evidence_accuracy': 0.8767857142857143, 'evidence_precision': 0.4583333333333333, 'evidence_recall': 0.16417910447761194, 'evidence_f1': 0.2417582417582418, 'similarity_metrics': 0.84132844, 'contradiction': 0.008293208666145802}"
,,,,,,
,,,,,,"{'distance': 0.01302083333333337, 'evidence_accuracy': 0.6861979166666666, 'evidence_precision': 0.3, 'evidence_recall': 0.012658227848101266, 'evidence_f1': 0.024291497975708502, 'similarity_metrics': 0.96960735, 'contradiction': 0.03458069637417793}"
"{'distance': 0.4112149532710281, 'evidence_accuracy': 0.5008517887563884, 'evidence_precision': 0.08823529411764706, 'evidence_recall': 0.34782608695652173, 'evidence_f1': 0.14076246334310852, 'similarity_metrics': 0.98976994, 'contradiction': 0.026660781353712082}","{'distance': 0.4112149532710281, 'evidence_accuracy': 0.5008517887563884, 'evidence_precision': 0.08823529411764706, 'evidence_recall': 0.34782608695652173, 'evidence_f1': 0.14076246334310852, 'similarity_metrics': 0.98976994, 'contradiction': 0.026660781353712082}","{'distance': 0.4112149532710281, 'evidence_accuracy': 0.5008517887563884, 'evidence_precision': 0.08823529411764706, 'evidence_recall': 0.34782608695652173, 'evidence_f1': 0.14076246334310852, 'similarity_metrics': 0.98976994, 'contradiction': 0.026660781353712082}",,"{'distance': 0.4112149532710281, 'evidence_accuracy': 0.5008517887563884, 'evidence_precision': 0.08823529411764706, 'evidence_recall': 0.34782608695652173, 'evidence_f1': 0.14076246334310852, 'similarity_metrics': 0.98976994, 'contradiction': 0.026660781353712082}","{'distance': 0.4112149532710281, 'evidence_accuracy': 0.5008517887563884, 'evidence_precision': 0.08823529411764706, 'evidence_recall': 0.34782608695652173, 'evidence_f1': 0.14076246334310852, 'similarity_metrics': 0.98976994, 'contradiction': 0.026660781353712082}","{'distance': 0.0034071550255536653, 'evidence_accuracy': 0.879045996592845, 'evidence_precision': 0.0, 'evidence_recall': 0.0, 'evidence_f1': 0, 'similarity_metrics': 0.99038935, 'contradiction': 0.18312762677669525}"
,,,,,,"{'distance': 0.043609022556390986, 'evidence_accuracy': 0.8781954887218045, 'evidence_precision': 0.20689655172413793, 'evidence_recall': 0.09375, 'evidence_f1': 0.12903225806451615, 'similarity_metrics': 0.9821759, 'contradiction': 0.07652471214532852}"
,,,,,,"{'distance': 0.014778325123152691, 'evidence_accuracy': 0.909688013136289, 'evidence_precision': 0.2222222222222222, 'evidence_recall': 0.04, 'evidence_f1': 0.06779661016949154, 'similarity_metrics': 0.999624, 'contradiction': 0.03481316938996315}"
,,,,,,
,,,,,,"{'distance': 0.0016602102933037655, 'evidence_accuracy': 0.7565024903154399, 'evidence_precision': 0.0, 'evidence_recall': 0.0, 'evidence_f1': 0, 'similarity_metrics': 0.99271697, 'contradiction': 0.001670819940045476}"
,,,,,,"{'distance': 0.009920634920634885, 'evidence_accuracy': 0.7976190476190477, 'evidence_precision': 0.2, 'evidence_recall': 0.010101010101010102, 'evidence_f1': 0.019230769230769232, 'similarity_metrics': 0.9996292, 'contradiction': 0.005049166735261679}"
,,,,,,"{'distance': 0.00911854103343468, 'evidence_accuracy': 0.8693009118541033, 'evidence_precision': 0.16666666666666666, 'evidence_recall': 0.012195121951219513, 'evidence_f1': 0.022727272727272724, 'similarity_metrics': 0.99616325, 'contradiction': 0.02063271589577198}"
,,,,,,"{'distance': 0.03146853146853146, 'evidence_accuracy': 0.87995337995338, 'evidence_precision': 0.18518518518518517, 'evidence_recall': 0.05813953488372093, 'evidence_f1': 0.08849557522123894, 'similarity_metrics': 0.9957223, 'contradiction': 0.7252834439277649}"
,,,,,,"{'distance': 0.023214285714285743, 'evidence_accuracy': 0.7321428571428571, 'evidence_precision': 1.0, 'evidence_recall': 0.07975460122699386, 'evidence_f1': 0.14772727272727273, 'similarity_metrics': 1.0000002, 'contradiction': 0.28194451332092285}"
,,,,,,"{'distance': 0.0021668472372697867, 'evidence_accuracy': 0.8515709642470206, 'evidence_precision': 0.5, 'evidence_recall': 0.0072992700729927005, 'evidence_f1': 0.014388489208633093, 'similarity_metrics': 0.99879086, 'contradiction': 0.05553516373038292}"
,,,,,,"{'distance': 0.008076358296622566, 'evidence_accuracy': 0.7481644640234949, 'evidence_precision': 0.75, 'evidence_recall': 0.025787965616045846, 'evidence_f1': 0.04986149584487535, 'similarity_metrics': 0.9978838, 'contradiction': 0.0016397259896621108}"
,,,,,,"{'distance': 0.01361161524500909, 'evidence_accuracy': 0.7495462794918331, 'evidence_precision': 0.6666666666666666, 'evidence_recall': 0.03558718861209965, 'evidence_f1': 0.06756756756756757, 'similarity_metrics': 0.99686664, 'contradiction': 0.010591547004878521}"
,,,,,,"{'distance': 0.019837691614066677, 'evidence_accuracy': 0.8169522091974752, 'evidence_precision': 0.8181818181818182, 'evidence_recall': 0.08294930875576037, 'evidence_f1': 0.1506276150627615, 'similarity_metrics': 0.9839371, 'contradiction': 0.025473879650235176}"
,,,,,,"{'distance': 0.04054054054054057, 'evidence_accuracy': 0.6351351351351351, 'evidence_precision': 0.6, 'evidence_recall': 0.06521739130434782, 'evidence_f1': 0.11764705882352941, 'similarity_metrics': 0.96556103, 'contradiction': 0.051137685775756836}"
,,,,,,"{'distance': 0.0028943560057886897, 'evidence_accuracy': 0.9276410998552822, 'evidence_precision': 1.0, 'evidence_recall': 0.038461538461538464, 'evidence_f1': 0.07407407407407407, 'similarity_metrics': 0.99273384, 'contradiction': 0.2735830247402191}"
,,,,,,"{'distance': 0.02012072434607648, 'evidence_accuracy': 0.6629778672032193, 'evidence_precision': 0.45, 'evidence_recall': 0.02702702702702703, 'evidence_f1': 0.05099150141643059, 'similarity_metrics': 0.99328494, 'contradiction': 0.3803345561027527}"
,,,,,,"{'distance': 0.005347593582887722, 'evidence_accuracy': 0.8520499108734403, 'evidence_precision': 0.0, 'evidence_recall': 0.0, 'evidence_f1': 0, 'similarity_metrics': 0.99968743, 'contradiction': 0.004844105802476406}"
,,,,,,"{'distance': 0.007705008255366019, 'evidence_accuracy': 0.5899834892680242, 'evidence_precision': 0.7142857142857143, 'evidence_recall': 0.013315579227696404, 'evidence_f1': 0.0261437908496732, 'similarity_metrics': 0.9895235, 'contradiction': 0.20609965920448303}"
,,,,,,"{'distance': 0.009189189189189206, 'evidence_accuracy': 0.7810810810810811, 'evidence_precision': 0.8235294117647058, 'evidence_recall': 0.03365384615384615, 'evidence_f1': 0.06466512702078522, 'similarity_metrics': 0.9808342, 'contradiction': 0.0018222228391095996}"
"{'distance': 0.8393285371702638, 'evidence_accuracy': 0.15114503816793892, 'evidence_precision': 0.10754414125200643, 'evidence_recall': 1.0, 'evidence_f1': 0.19420289855072465, 'similarity_metrics': 0.62718964, 'contradiction': 0.8770204186439514}","{'distance': 0.8365384615384616, 'evidence_accuracy': 0.15267175572519084, 'evidence_precision': 0.10771704180064309, 'evidence_recall': 1.0, 'evidence_f1': 0.19448476052249639, 'similarity_metrics': 0.60926485, 'contradiction': 0.5870010852813721}",,,"{'distance': 0.8365384615384616, 'evidence_accuracy': 0.15267175572519084, 'evidence_precision': 0.10771704180064309, 'evidence_recall': 1.0, 'evidence_f1': 0.19448476052249639, 'similarity_metrics': 0.60926485, 'contradiction': 0.5870010852813721}","{'distance': 0.8365384615384616, 'evidence_accuracy': 0.15267175572519084, 'evidence_precision': 0.10771704180064309, 'evidence_recall': 1.0, 'evidence_f1': 0.19448476052249639, 'similarity_metrics': 0.60926485, 'contradiction': 0.5870010852813721}","{'distance': 0.010687022900763399, 'evidence_accuracy': 0.899236641221374, 'evidence_precision': 0.5714285714285714, 'evidence_recall': 0.05970149253731343, 'evidence_f1': 0.10810810810810811, 'similarity_metrics': 0.99498814, 'contradiction': 0.13361956179141998}"
,,,,,,
,,,,,,"{'distance': 0.018867924528301883, 'evidence_accuracy': 0.8456260720411664, 'evidence_precision': 0.2727272727272727, 'evidence_recall': 0.03529411764705882, 'evidence_f1': 0.0625, 'similarity_metrics': 0.9603102, 'contradiction': 0.01964329369366169}"
,,,,,,"{'distance': 0.023192360163710735, 'evidence_accuracy': 0.849931787175989, 'evidence_precision': 0.11764705882352941, 'evidence_recall': 0.020618556701030927, 'evidence_f1': 0.03508771929824561, 'similarity_metrics': 0.96001315, 'contradiction': 0.33126986026763916}"
,,,,,,"{'distance': 0.0014925373134327957, 'evidence_accuracy': 0.9701492537313433, 'evidence_precision': 1.0, 'evidence_recall': 0.047619047619047616, 'evidence_f1': 0.0909090909090909, 'similarity_metrics': 1.0000004, 'contradiction': 0.04590987041592598}"
,,,,,,"{'distance': 0.002844950213371278, 'evidence_accuracy': 0.9089615931721194, 'evidence_precision': 0.0, 'evidence_recall': 0.0, 'evidence_f1': 0, 'similarity_metrics': 0.97623384, 'contradiction': 0.005159144289791584}"
,,,,,,"{'distance': 0.10613207547169812, 'evidence_accuracy': 0.7028301886792453, 'evidence_precision': 0.2222222222222222, 'evidence_recall': 0.09900990099009901, 'evidence_f1': 0.13698630136986303, 'similarity_metrics': 0.89363253, 'contradiction': 0.013678993098437786}"
,,,,,,"{'distance': 0.004264392324093813, 'evidence_accuracy': 0.9339019189765458, 'evidence_precision': 1.0, 'evidence_recall': 0.06060606060606061, 'evidence_f1': 0.1142857142857143, 'similarity_metrics': 0.99999994, 'contradiction': 0.07241036742925644}"
,,,,,,"{'distance': 0.04378909740840031, 'evidence_accuracy': 0.8525469168900804, 'evidence_precision': 0.04081632653061224, 'evidence_recall': 0.016666666666666666, 'evidence_f1': 0.023668639053254437, 'similarity_metrics': 0.99938667, 'contradiction': 0.0670655220746994}"
,,,,,,"{'distance': 0.008482563619227168, 'evidence_accuracy': 0.8539114043355325, 'evidence_precision': 0.5555555555555556, 'evidence_recall': 0.03205128205128205, 'evidence_f1': 0.06060606060606061, 'similarity_metrics': 0.9961433, 'contradiction': 0.007321925833821297}"
,,,,,,"{'distance': 0.027896995708154515, 'evidence_accuracy': 0.7618025751072961, 'evidence_precision': 0.23076923076923078, 'evidence_recall': 0.028846153846153848, 'evidence_f1': 0.05128205128205129, 'similarity_metrics': 0.9686915, 'contradiction': 0.053860217332839966}"
,,,,,,"{'distance': 0.005045408678102881, 'evidence_accuracy': 0.9838546922300706, 'evidence_precision': 0.0, 'evidence_recall': 0.0, 'evidence_f1': 0, 'similarity_metrics': 0.9648764, 'contradiction': 0.17102618515491486}"
,,,,,,"{'distance': 0.014308426073131986, 'evidence_accuracy': 0.9125596184419714, 'evidence_precision': 0.1111111111111111, 'evidence_recall': 0.020833333333333332, 'evidence_f1': 0.03508771929824561, 'similarity_metrics': 0.9820572, 'contradiction': 0.0809059888124466}"
,,,,,,"{'distance': 0.05061349693251538, 'evidence_accuracy': 0.745398773006135, 'evidence_precision': 0.6363636363636364, 'evidence_recall': 0.12, 'evidence_f1': 0.2019230769230769, 'similarity_metrics': 1.0, 'contradiction': 0.01161858718842268}"
,,,,,,"{'distance': 0.00687757909215958, 'evidence_accuracy': 0.8858321870701513, 'evidence_precision': 0.2, 'evidence_recall': 0.0125, 'evidence_f1': 0.023529411764705885, 'similarity_metrics': 0.89552224, 'contradiction': 0.19130414724349976}"
,,,,,,
,,,,,,
,,,,,,"{'distance': 0.0071428571428571175, 'evidence_accuracy': 0.8303571428571429, 'evidence_precision': 0.5, 'evidence_recall': 0.021052631578947368, 'evidence_f1': 0.04040404040404041, 'similarity_metrics': 0.99748003, 'contradiction': 0.03215184435248375}"
,,,,,,"{'distance': 0.00432432432432428, 'evidence_accuracy': 0.9297297297297298, 'evidence_precision': 1.0, 'evidence_recall': 0.057971014492753624, 'evidence_f1': 0.1095890410958904, 'similarity_metrics': 0.9999999, 'contradiction': 0.10791616141796112}"
,,,,,,"{'distance': 0.02564102564102566, 'evidence_accuracy': 0.6512820512820513, 'evidence_precision': 0.5333333333333333, 'evidence_recall': 0.03902439024390244, 'evidence_f1': 0.07272727272727272, 'similarity_metrics': 0.9127405, 'contradiction': 0.021597109735012054}"
,,,,,,"{'distance': 0.002547770700636942, 'evidence_accuracy': 0.8038216560509555, 'evidence_precision': 0.5, 'evidence_recall': 0.006493506493506494, 'evidence_f1': 0.012820512820512824, 'similarity_metrics': 0.9992241, 'contradiction': 0.07070917636156082}"
,,,"{'distance': 0.24914675767918093, 'evidence_accuracy': 0.5063829787234042, 'evidence_precision': 0.19148936170212766, 'evidence_recall': 0.18620689655172415, 'evidence_f1': 0.1888111888111888, 'similarity_metrics': 0.9050878, 'contradiction': 0.9704748392105103}",,,"{'distance': 0.014893617021276562, 'evidence_accuracy': 0.6851063829787234, 'evidence_precision': 0.2857142857142857, 'evidence_recall': 0.013793103448275862, 'evidence_f1': 0.02631578947368421, 'similarity_metrics': 0.82072794, 'contradiction': 0.04064464569091797}"
,,,,,,"{'distance': 0.011246485473289547, 'evidence_accuracy': 0.725398313027179, 'evidence_precision': 0.6666666666666666, 'evidence_recall': 0.026936026936026935, 'evidence_f1': 0.0517799352750809, 'similarity_metrics': 0.99971676, 'contradiction': 0.1491107940673828}"
,,,,,,"{'distance': 0.01005025125628145, 'evidence_accuracy': 0.7353433835845896, 'evidence_precision': 0.0, 'evidence_recall': 0.0, 'evidence_f1': 0, 'similarity_metrics': 0.9968624, 'contradiction': 0.6965236067771912}"
"{'distance': 0.9776, 'evidence_accuracy': 0.47775947281713343, 'evidence_precision': 0.4766666666666667, 'evidence_recall': 0.9896193771626297, 'evidence_f1': 0.6434195725534309, 'similarity_metrics': 0.66257703, 'contradiction': 0.4021589159965515}",,,,,,
,,,,,,"{'distance': 0.0011185682326622093, 'evidence_accuracy': 0.8098434004474273, 'evidence_precision': 1.0, 'evidence_recall': 0.005847953216374269, 'evidence_f1': 0.011627906976744186, 'similarity_metrics': 1.0, 'contradiction': 0.011893456801772118}"
"{'distance': 0.07598164201937785, 'evidence_accuracy': 0.7893738140417458, 'evidence_precision': 0.24161073825503357, 'evidence_recall': 0.2482758620689655, 'evidence_f1': 0.24489795918367344, 'similarity_metrics': 0.99699664, 'contradiction': 0.0819363072514534}","{'distance': 0.07598164201937785, 'evidence_accuracy': 0.7893738140417458, 'evidence_precision': 0.24161073825503357, 'evidence_recall': 0.2482758620689655, 'evidence_f1': 0.24489795918367344, 'similarity_metrics': 0.99699664, 'contradiction': 0.0819363072514534}","{'distance': 0.07598164201937785, 'evidence_accuracy': 0.7893738140417458, 'evidence_precision': 0.24161073825503357, 'evidence_recall': 0.2482758620689655, 'evidence_f1': 0.24489795918367344, 'similarity_metrics': 0.99699664, 'contradiction': 0.0819363072514534}","{'distance': 0.32312739201749585, 'evidence_accuracy': 0.5483870967741935, 'evidence_precision': 0.12641083521444696, 'evidence_recall': 0.38620689655172413, 'evidence_f1': 0.19047619047619047, 'similarity_metrics': 0.99740493, 'contradiction': 0.3095606863498688}","{'distance': 0.07598164201937785, 'evidence_accuracy': 0.7893738140417458, 'evidence_precision': 0.24161073825503357, 'evidence_recall': 0.2482758620689655, 'evidence_f1': 0.24489795918367344, 'similarity_metrics': 0.99699664, 'contradiction': 0.0819363072514534}","{'distance': 0.07598164201937785, 'evidence_accuracy': 0.7893738140417458, 'evidence_precision': 0.24161073825503357, 'evidence_recall': 0.2482758620689655, 'evidence_f1': 0.24489795918367344, 'similarity_metrics': 0.99699664, 'contradiction': 0.0819363072514534}","{'distance': 0.002846299810246644, 'evidence_accuracy': 0.8595825426944972, 'evidence_precision': 0.0, 'evidence_recall': 0.0, 'evidence_f1': 0, 'similarity_metrics': 0.9986057, 'contradiction': 0.177312433719635}"
,,,,,,"{'distance': 0.029641185647425905, 'evidence_accuracy': 0.7035881435257411, 'evidence_precision': 0.6842105263157895, 'evidence_recall': 0.06598984771573604, 'evidence_f1': 0.12037037037037039, 'similarity_metrics': 0.98037803, 'contradiction': 0.005852558650076389}"
"{'distance': 0.879081015719468, 'evidence_accuracy': 0.1386271870794078, 'evidence_precision': 0.07647907647907648, 'evidence_recall': 1.0, 'evidence_f1': 0.14209115281501342, 'similarity_metrics': 0.8718511, 'contradiction': 0.03225977346301079}","{'distance': 0.879081015719468, 'evidence_accuracy': 0.1386271870794078, 'evidence_precision': 0.07647907647907648, 'evidence_recall': 1.0, 'evidence_f1': 0.14209115281501342, 'similarity_metrics': 0.8718511, 'contradiction': 0.028763847425580025}","{'distance': 0.879081015719468, 'evidence_accuracy': 0.1386271870794078, 'evidence_precision': 0.07647907647907648, 'evidence_recall': 1.0, 'evidence_f1': 0.14209115281501342, 'similarity_metrics': 0.8718511, 'contradiction': 0.03225977346301079}","{'distance': 0.8792270531400966, 'evidence_accuracy': 0.1386271870794078, 'evidence_precision': 0.07647907647907648, 'evidence_recall': 1.0, 'evidence_f1': 0.14209115281501342, 'similarity_metrics': 0.8691263, 'contradiction': 0.027923494577407837}","{'distance': 0.879081015719468, 'evidence_accuracy': 0.1386271870794078, 'evidence_precision': 0.07647907647907648, 'evidence_recall': 1.0, 'evidence_f1': 0.14209115281501342, 'similarity_metrics': 0.8718511, 'contradiction': 0.028763847425580025}","{'distance': 0.879081015719468, 'evidence_accuracy': 0.1386271870794078, 'evidence_precision': 0.07647907647907648, 'evidence_recall': 1.0, 'evidence_f1': 0.14209115281501342, 'similarity_metrics': 0.8718511, 'contradiction': 0.028763847425580025}","{'distance': 0.004037685060565233, 'evidence_accuracy': 0.9246298788694481, 'evidence_precision': 0.0, 'evidence_recall': 0.0, 'evidence_f1': 0, 'similarity_metrics': 1.0000001, 'contradiction': 0.06872092932462692}"
,,,,,,"{'distance': 0.0342368045649073, 'evidence_accuracy': 0.7810271041369472, 'evidence_precision': 0.16666666666666666, 'evidence_recall': 0.02909090909090909, 'evidence_f1': 0.04953560371517028, 'similarity_metrics': 0.8637061, 'contradiction': 0.24910175800323486}"
,,,,,,"{'distance': 0.05044136191677173, 'evidence_accuracy': 0.6935687263556116, 'evidence_precision': 0.35, 'evidence_recall': 0.06060606060606061, 'evidence_f1': 0.10332103321033209, 'similarity_metrics': 0.9387129, 'contradiction': 0.04560248926281929}"
,,,,,,"{'distance': 0.01071975497702915, 'evidence_accuracy': 0.7733537519142419, 'evidence_precision': 0.5714285714285714, 'evidence_recall': 0.026845637583892617, 'evidence_f1': 0.05128205128205129, 'similarity_metrics': 0.991917, 'contradiction': 0.15803267061710358}"
"{'distance': 0.3730496453900709, 'evidence_accuracy': 0.5248041775456919, 'evidence_precision': 0.09230769230769231, 'evidence_recall': 0.30303030303030304, 'evidence_f1': 0.14150943396226418, 'similarity_metrics': 0.94319475, 'contradiction': 0.14861811697483063}","{'distance': 0.030982201713909086, 'evidence_accuracy': 0.8289817232375979, 'evidence_precision': 0.0, 'evidence_recall': 0.0, 'evidence_f1': 0, 'similarity_metrics': 0.99770993, 'contradiction': 0.1715538650751114}","{'distance': 0.37446808510638296, 'evidence_accuracy': 0.5234986945169713, 'evidence_precision': 0.09202453987730061, 'evidence_recall': 0.30303030303030304, 'evidence_f1': 0.1411764705882353, 'similarity_metrics': 0.9417413, 'contradiction': 0.14861811697483063}","{'distance': 0.02631578947368418, 'evidence_accuracy': 0.835509138381201, 'evidence_precision': 0.0, 'evidence_recall': 0.0, 'evidence_f1': 0, 'similarity_metrics': 0.9976429, 'contradiction': 0.2592190206050873}","{'distance': 0.030982201713909086, 'evidence_accuracy': 0.8289817232375979, 'evidence_precision': 0.0, 'evidence_recall': 0.0, 'evidence_f1': 0, 'similarity_metrics': 0.99770993, 'contradiction': 0.1715538650751114}","{'distance': 0.030982201713909086, 'evidence_accuracy': 0.8289817232375979, 'evidence_precision': 0.0, 'evidence_recall': 0.0, 'evidence_f1': 0, 'similarity_metrics': 0.99770993, 'contradiction': 0.1715538650751114}","{'distance': 0.0013054830287205776, 'evidence_accuracy': 0.8694516971279374, 'evidence_precision': 0.0, 'evidence_recall': 0.0, 'evidence_f1': 0, 'similarity_metrics': 0.9993231, 'contradiction': 0.18224111199378967}"
,,,,,,"{'distance': 0.011331444759206777, 'evidence_accuracy': 0.8101983002832861, 'evidence_precision': 0.625, 'evidence_recall': 0.03676470588235294, 'evidence_f1': 0.06944444444444445, 'similarity_metrics': 0.9919019, 'contradiction': 0.013792249374091625}"
,,,,,,"{'distance': 0.009216589861751112, 'evidence_accuracy': 0.869431643625192, 'evidence_precision': 0.5, 'evidence_recall': 0.03529411764705882, 'evidence_f1': 0.06593406593406594, 'similarity_metrics': 0.99158525, 'contradiction': 0.001725757378153503}"
,,,,,,"{'distance': 0.005788712011577379, 'evidence_accuracy': 0.8473227206946454, 'evidence_precision': 0.25, 'evidence_recall': 0.00966183574879227, 'evidence_f1': 0.018604651162790697, 'similarity_metrics': 0.9893126, 'contradiction': 0.21888768672943115}"
,,,"{'distance': 0.967948717948718, 'evidence_accuracy': 0.20294599018003273, 'evidence_precision': 0.1896838602329451, 'evidence_recall': 1.0, 'evidence_f1': 0.31888111888111886, 'similarity_metrics': 0.51208425, 'contradiction': 0.07661186158657074}",,,"{'distance': 0.0016366612111292644, 'evidence_accuracy': 0.8117839607201309, 'evidence_precision': 0.0, 'evidence_recall': 0.0, 'evidence_f1': 0, 'similarity_metrics': 0.99898195, 'contradiction': 0.05250700190663338}"
,,,,,,"{'distance': 0.011743450767841002, 'evidence_accuracy': 0.7759710930442638, 'evidence_precision': 0.8461538461538461, 'evidence_recall': 0.042801556420233464, 'evidence_f1': 0.08148148148148149, 'similarity_metrics': 0.98432744, 'contradiction': 0.04028208926320076}"
,,,,,,
,,,,,,"{'distance': 0.01151631477927062, 'evidence_accuracy': 0.7024952015355086, 'evidence_precision': 0.8333333333333334, 'evidence_recall': 0.031446540880503145, 'evidence_f1': 0.06060606060606061, 'similarity_metrics': 0.99905795, 'contradiction': 0.008081196807324886}"
"{'distance': 0.985200845665962, 'evidence_accuracy': 0.2905982905982906, 'evidence_precision': 0.2852529601722282, 'evidence_recall': 1.0, 'evidence_f1': 0.44388609715242877, 'similarity_metrics': 0.3918162, 'contradiction': 0.9434268474578857}","{'distance': 0.985200845665962, 'evidence_accuracy': 0.2905982905982906, 'evidence_precision': 0.2852529601722282, 'evidence_recall': 1.0, 'evidence_f1': 0.44388609715242877, 'similarity_metrics': 0.3918162, 'contradiction': 0.9434268474578857}","{'distance': 0.985200845665962, 'evidence_accuracy': 0.2905982905982906, 'evidence_precision': 0.2852529601722282, 'evidence_recall': 1.0, 'evidence_f1': 0.44388609715242877, 'similarity_metrics': 0.3918162, 'contradiction': 0.9434268474578857}","{'distance': 0.9873150105708245, 'evidence_accuracy': 0.28952991452991456, 'evidence_precision': 0.2849462365591398, 'evidence_recall': 1.0, 'evidence_f1': 0.4435146443514645, 'similarity_metrics': 0.3918162, 'contradiction': 0.9488510489463806}","{'distance': 0.985200845665962, 'evidence_accuracy': 0.2905982905982906, 'evidence_precision': 0.2852529601722282, 'evidence_recall': 1.0, 'evidence_f1': 0.44388609715242877, 'similarity_metrics': 0.3918162, 'contradiction': 0.9434268474578857}","{'distance': 0.985200845665962, 'evidence_accuracy': 0.2905982905982906, 'evidence_precision': 0.2852529601722282, 'evidence_recall': 1.0, 'evidence_f1': 0.44388609715242877, 'similarity_metrics': 0.3918162, 'contradiction': 0.9434268474578857}","{'distance': 0.017094017094017144, 'evidence_accuracy': 0.7147435897435898, 'evidence_precision': 0.4375, 'evidence_recall': 0.026415094339622643, 'evidence_f1': 0.04982206405693951, 'similarity_metrics': 0.90944237, 'contradiction': 0.010460038669407368}"
,,,,,,"{'distance': 0.014155712841253831, 'evidence_accuracy': 0.704752275025278, 'evidence_precision': 0.21428571428571427, 'evidence_recall': 0.01056338028169014, 'evidence_f1': 0.02013422818791946, 'similarity_metrics': 0.98482287, 'contradiction': 0.06821949779987335}"
,,,,,,
,,,,,,"{'distance': 0.0046242774566473965, 'evidence_accuracy': 0.8682080924855491, 'evidence_precision': 0.5, 'evidence_recall': 0.017543859649122806, 'evidence_f1': 0.033898305084745756, 'similarity_metrics': 0.967235, 'contradiction': 0.008725231513381004}"
,,,,,,"{'distance': 0.020378457059679778, 'evidence_accuracy': 0.6914119359534207, 'evidence_precision': 0.42857142857142855, 'evidence_recall': 0.02857142857142857, 'evidence_f1': 0.05357142857142857, 'similarity_metrics': 0.99505407, 'contradiction': 0.021404970437288284}"
,,,,,,"{'distance': 0.0118534482758621, 'evidence_accuracy': 0.7650862068965517, 'evidence_precision': 0.2727272727272727, 'evidence_recall': 0.014084507042253521, 'evidence_f1': 0.026785714285714288, 'similarity_metrics': 0.97281754, 'contradiction': 0.008255853317677975}"
,,,,,,"{'distance': 0.03498542274052474, 'evidence_accuracy': 0.6880466472303207, 'evidence_precision': 0.3333333333333333, 'evidence_recall': 0.038834951456310676, 'evidence_f1': 0.06956521739130435, 'similarity_metrics': 0.97679234, 'contradiction': 0.11772109568119049}"
,,,,,,"{'distance': 0.04871794871794877, 'evidence_accuracy': 0.7307692307692307, 'evidence_precision': 0.42105263157894735, 'evidence_recall': 0.0784313725490196, 'evidence_f1': 0.1322314049586777, 'similarity_metrics': 0.92893946, 'contradiction': 0.00774490088224411}"
,,,,,,"{'distance': 0.0007342143906020615, 'evidence_accuracy': 0.5594713656387665, 'evidence_precision': 0.0, 'evidence_recall': 0.0, 'evidence_f1': 0, 'similarity_metrics': 1.0, 'contradiction': 0.0024447746109217405}"
,,,,,,"{'distance': 0.03433476394849788, 'evidence_accuracy': 0.7811158798283262, 'evidence_precision': 1.0, 'evidence_recall': 0.13559322033898305, 'evidence_f1': 0.23880597014925373, 'similarity_metrics': 0.8482359, 'contradiction': 0.24088890850543976}"
,,,,,,"{'distance': 0.08933717579250722, 'evidence_accuracy': 0.7223823246878002, 'evidence_precision': 0.46236559139784944, 'evidence_recall': 0.1524822695035461, 'evidence_f1': 0.22933333333333333, 'similarity_metrics': 0.9985087, 'contradiction': 0.014876192435622215}"
,,,"{'distance': 0.29127358490566035, 'evidence_accuracy': 0.5543595263724435, 'evidence_precision': 0.191044776119403, 'evidence_recall': 0.30917874396135264, 'evidence_f1': 0.23616236162361623, 'similarity_metrics': 0.97183895, 'contradiction': 0.9886619448661804}",,,"{'distance': 0.031216361679224924, 'evidence_accuracy': 0.7847147470398278, 'evidence_precision': 0.6206896551724138, 'evidence_recall': 0.08695652173913043, 'evidence_f1': 0.15254237288135591, 'similarity_metrics': 0.978912, 'contradiction': 0.2907656133174896}"
,,,,,,"{'distance': 0.008417508417508435, 'evidence_accuracy': 0.882996632996633, 'evidence_precision': 0.2, 'evidence_recall': 0.015037593984962405, 'evidence_f1': 0.027972027972027972, 'similarity_metrics': 0.9249674, 'contradiction': 0.04314420744776726}"
,,,,,,"{'distance': 0.00969529085872578, 'evidence_accuracy': 0.817174515235457, 'evidence_precision': 0.5714285714285714, 'evidence_recall': 0.03007518796992481, 'evidence_f1': 0.05714285714285714, 'similarity_metrics': 0.99811924, 'contradiction': 0.08457180857658386}"
,,,"{'distance': 0.5201596806387225, 'evidence_accuracy': 0.5438282647584973, 'evidence_precision': 0.3903345724907063, 'evidence_recall': 0.7939508506616257, 'evidence_f1': 0.5233644859813084, 'similarity_metrics': 0.9507611, 'contradiction': 0.9337992072105408}",,,"{'distance': 0.043530113297555184, 'evidence_accuracy': 0.6839594514013119, 'evidence_precision': 0.4931506849315068, 'evidence_recall': 0.06805293005671077, 'evidence_f1': 0.11960132890365448, 'similarity_metrics': 0.9917401, 'contradiction': 0.003095737425610423}"
,,,,,,"{'distance': 0.024296675191815886, 'evidence_accuracy': 0.5728900255754475, 'evidence_precision': 0.7368421052631579, 'evidence_recall': 0.04081632653061224, 'evidence_f1': 0.07734806629834252, 'similarity_metrics': 0.8742778, 'contradiction': 0.0023009448777884245}"
,,,,,,"{'distance': 0.015974440894568676, 'evidence_accuracy': 0.547923322683706, 'evidence_precision': 0.2, 'evidence_recall': 0.007220216606498195, 'evidence_f1': 0.013937282229965159, 'similarity_metrics': 0.9826825, 'contradiction': 0.07890957593917847}"
,,,,,,"{'distance': 0.07858769931662868, 'evidence_accuracy': 0.5091116173120729, 'evidence_precision': 0.5797101449275363, 'evidence_recall': 0.09049773755656108, 'evidence_f1': 0.15655577299412915, 'similarity_metrics': 1.0, 'contradiction': 0.006720688194036484}"
,,,,,,"{'distance': 0.018716577540106916, 'evidence_accuracy': 0.839572192513369, 'evidence_precision': 0.42857142857142855, 'evidence_recall': 0.05084745762711865, 'evidence_f1': 0.09090909090909091, 'similarity_metrics': 0.9973434, 'contradiction': 0.2995210886001587}"
,,,,,,"{'distance': 0.041837571780147687, 'evidence_accuracy': 0.8211648892534865, 'evidence_precision': 0.0196078431372549, 'evidence_recall': 0.005917159763313609, 'evidence_f1': 0.00909090909090909, 'similarity_metrics': 1.0, 'contradiction': 0.01022840291261673}"
,,,,,,"{'distance': 0.015804597701149392, 'evidence_accuracy': 0.7198275862068966, 'evidence_precision': 0.5454545454545454, 'evidence_recall': 0.030612244897959183, 'evidence_f1': 0.057971014492753624, 'similarity_metrics': 0.9981253, 'contradiction': 0.02406616508960724}"
,,,,,,"{'distance': 0.0017196904557179593, 'evidence_accuracy': 0.9174548581255374, 'evidence_precision': 1.0, 'evidence_recall': 0.02040816326530612, 'evidence_f1': 0.039999999999999994, 'similarity_metrics': 0.9982277, 'contradiction': 0.024084409698843956}"
